"Activity Date","Process Date","Settle Date","Instrument","Description","Trans Code","Quantity","Price","Amount"
"11/29/2023","11/29/2023","11/30/2023","CTRA","CTRA 1/19/2024 Put $26.50","STO","3","$0.91","$272.89"
"11/29/2023","11/29/2023","11/30/2023","CTRA","CTRA 12/1/2023 Put $27.00","BTC","3","$0.86","($258.09)"
"11/29/2023","11/29/2023","12/1/2023","VZ","Verizon
CUSIP: 92343V104","Sell","0.252679","$37.64","$9.51"
"11/28/2023","11/28/2023","11/29/2023","ADI","ADI 12/1/2023 Call $187.50","STO","1","$0.10","$9.95"
"11/28/2023","11/28/2023","11/29/2023","MU","MU 6/21/2024 Put $72.50","BTC","1","$5.98","($598.03)"
"11/28/2023","11/28/2023","11/29/2023","MU","MU 4/19/2024 Put $75.00","STO","1","$5.98","$597.95"
"11/28/2023","11/28/2023","11/30/2023","VZ","Verizon
CUSIP: 92343V104","Buy","0.252679","$37.31","($9.43)"
"11/28/2023","11/28/2023","11/28/2023","","Transfer from Brokerage to Spending","XENT","","","($500.00)"
"11/27/2023","11/27/2023","11/27/2023","","Roundup - Transfer from Spending to Brokerage","XENT_RWR","","","$9.43"
"11/27/2023","11/27/2023","11/28/2023","AAPL","AAPL 12/1/2023 Put $190.00","BTC","1","$1.07","($107.03)"
"11/27/2023","11/27/2023","11/28/2023","AAPL","AAPL 12/1/2023 Put $190.00","STO","1","$1.07","$106.95"
"11/27/2023","11/27/2023","11/28/2023","XOM","XOM 12/1/2023 Put $102.00","STO","1","$0.52","$51.95"
"11/27/2023","11/27/2023","11/29/2023","VZ","Verizon
CUSIP: 92343V104","Sell","6.660051","$37.39","$249.04"
"11/27/2023","11/27/2023","11/28/2023","AMZN","AMZN 12/1/2023 Put $146.00","STO","1","$1.17","$116.95"
"11/27/2023","11/27/2023","11/27/2023","","Transfer from Brokerage to Spending","XENT","","","($300.00)"
"11/27/2023","11/27/2023","11/27/2023","","Backup Coverage Transfer - Transfer from Brokerage to Spending","XENT","","","($75.80)"
"11/24/2023","11/24/2023","11/27/2023","ADI","Option Expiration for ADI 11/24/2023 Call $187.50","OEXP","1","",""
"11/24/2023","11/24/2023","11/27/2023","VZ","VZ 11/24/2023 Call $37.00","OASGN","4","",""
"11/24/2023","11/24/2023","11/28/2023","VZ","Verizon
CUSIP: 92343V104
4 VZ Options Assigned","Sell","400","$37.00","$14,799.82"
"11/24/2023","11/24/2023","11/24/2023","","Transfer from Brokerage to Spending","XENT","","","($500.00)"
"11/24/2023","11/24/2023","11/27/2023","","ACH Deposit","ACH","","","$2,000.00"
"11/24/2023","11/24/2023","11/27/2023","DG","DG 11/24/2023 Put $121.00","BTC","1","$0.10","($10.03)"
"11/22/2023","11/22/2023","11/24/2023","AMD","AMD 11/24/2023 Put $116.00","BTC","1","$0.04","($4.03)"
"11/22/2023","11/22/2023","11/24/2023","CTRA","CTRA 12/1/2023 Put $27.00","STO","3","$1.00","$299.89"
"11/22/2023","11/22/2023","11/24/2023","CTRA","CTRA 11/24/2023 Put $27.00","BTC","3","$0.97","($291.09)"
"11/21/2023","11/21/2023","11/22/2023","AMD","AMD 11/24/2023 Put $116.00","STO","1","$1.02","$101.95"
"11/21/2023","11/21/2023","11/24/2023","VZ","Verizon
CUSIP: 92343V104","Buy","0.279706","$36.86","($10.31)"
"11/20/2023","11/20/2023","11/20/2023","","Roundup - Transfer from Spending to Brokerage","XENT_RWR","","","$10.31"
"11/20/2023","11/20/2023","11/21/2023","DG","DG 11/24/2023 Put $121.00","STO","1","$1.14","$113.95"
"11/17/2023","11/17/2023","11/20/2023","DG","DG 11/24/2023 Put $118.00","BTC","1","$0.75","($75.03)"
"11/17/2023","11/17/2023","11/20/2023","DG","DG 11/24/2023 Put $118.00","STO","1","$1.75","$174.95"
"11/16/2023","11/16/2023","11/17/2023","CTRA","CTRA 11/17/2023 Put $27.00","BTC","3","$0.77","($231.09)"
"11/16/2023","11/16/2023","11/17/2023","CTRA","CTRA 11/24/2023 Put $27.00","STO","3","$0.78","$233.89"
"11/16/2023","11/16/2023","11/16/2023","","Gold Subscription Fee","GOLD","","","($5.00)"
"11/14/2023","11/14/2023","11/15/2023","ADI","ADI 11/24/2023 Call $187.50","STO","1","$0.73","$72.95"
"11/14/2023","11/14/2023","11/16/2023","VZ","Verizon
CUSIP: 92343V104","Buy","0.00111","$36.01","($0.04)"
"11/14/2023","11/14/2023","11/16/2023","VZ","Verizon
CUSIP: 92343V104","Buy","0.361345","$36.01","($13.01)"
"11/13/2023","11/13/2023","11/13/2023","","Roundup - Transfer from Spending to Brokerage","XENT_RWR","","","$13.05"
"11/13/2023","11/13/2023","11/13/2023","","Transfer from Brokerage to Spending","XENT","","","($500.00)"
"11/13/2023","11/13/2023","11/13/2023","","Transfer from Brokerage to Spending","XENT","","","($250.00)"
"11/10/2023","11/10/2023","11/13/2023","ADI","Option Expiration for ADI 11/10/2023 Put $162.50","OEXP","1","",""
"11/10/2023","11/10/2023","11/13/2023","CTRA","CTRA 11/10/2023 Put $27.00","BTC","1","$0.22","($22.03)"
"11/10/2023","11/10/2023","11/13/2023","CTRA","CTRA 11/10/2023 Put $27.00","BTC","1","$0.22","($22.03)"
"11/10/2023","11/10/2023","11/13/2023","CTRA","CTRA 11/10/2023 Put $27.00","BTC","1","$0.22","($22.03)"
"11/10/2023","11/10/2023","11/13/2023","CTRA","CTRA 11/17/2023 Put $27.00","STO","1","$0.54","$53.95"
"11/10/2023","11/10/2023","11/13/2023","CTRA","CTRA 11/17/2023 Put $27.00","STO","1","$0.54","$53.95"
"11/10/2023","11/10/2023","11/13/2023","CTRA","CTRA 11/17/2023 Put $27.00","STO","1","$0.54","$53.95"
"11/9/2023","11/9/2023","11/10/2023","VZ","VZ 11/24/2023 Call $37.00","STO","1","$0.07","$6.95"
"11/9/2023","11/9/2023","11/10/2023","VZ","VZ 11/24/2023 Call $37.00","STO","1","$0.07","$6.95"
"11/9/2023","11/9/2023","11/10/2023","VZ","VZ 11/24/2023 Call $37.00","STO","1","$0.07","$6.95"
"11/9/2023","11/9/2023","11/10/2023","VZ","VZ 11/10/2023 Call $37.00","BTC","1","$0.01","($1.03)"
"11/9/2023","11/9/2023","11/10/2023","VZ","VZ 11/10/2023 Call $37.00","BTC","1","$0.01","($1.03)"
"11/9/2023","11/9/2023","11/10/2023","VZ","VZ 11/10/2023 Call $37.00","BTC","1","$0.01","($1.03)"
"11/9/2023","11/9/2023","11/10/2023","VZ","VZ 11/24/2023 Call $37.00","STO","1","$0.07","$6.95"
"11/9/2023","11/9/2023","11/10/2023","VZ","VZ 11/10/2023 Call $37.00","BTC","1","$0.01","($1.03)"
"11/7/2023","11/7/2023","11/8/2023","AMZN","AMZN 11/17/2023 Put $127.00","BTC","1","$0.10","($10.03)"
"11/7/2023","11/7/2023","11/9/2023","VZ","Verizon
CUSIP: 92343V104","Buy","0.136974","$35.70","($4.89)"
"11/6/2023","11/6/2023","11/8/2023","F","Ford Motor
CUSIP: 345370860","Buy","100","$10.30","($1,029.50)"
"11/6/2023","11/6/2023","11/6/2023","","Roundup - Transfer from Spending to Brokerage","XENT_RWR","","","$4.89"
"11/3/2023","11/3/2023","11/6/2023","ADI","Option Expiration for ADI 11/3/2023 Call $180.00","OEXP","1","",""
"11/3/2023","11/3/2023","11/6/2023","","ACH Deposit","ACH","","","$6,000.00"
"11/2/2023","11/2/2023","11/2/2023","","Transfer from Brokerage to Spending","XENT","","","($300.00)"
"11/2/2023","11/2/2023","11/2/2023","","Backup Coverage Transfer - Transfer from Brokerage to Spending","XENT","","","($171.16)"
"11/1/2023","11/1/2023","11/1/2023","VZ","Cash Div: R/D 2023-10-10 P/D 2023-11-01 - 404.599229 shares at 0.665","CDIV","","","$269.06"
"11/1/2023","11/1/2023","11/1/2023","","Transfer from Brokerage to Spending","XENT","","","($200.00)"
"11/1/2023","11/1/2023","11/2/2023","VZ","VZ 11/10/2023 Call $37.00","STO","2","$0.03","$5.92"
"11/1/2023","11/1/2023","11/2/2023","VZ","VZ 11/10/2023 Call $37.00","STO","1","$0.03","$2.95"
"11/1/2023","11/1/2023","11/2/2023","VZ","VZ 11/10/2023 Call $37.00","STO","1","$0.03","$2.95"
"10/31/2023","10/31/2023","11/2/2023","VZ","Verizon
CUSIP: 92343V104","Buy","0.000288","$34.67","($0.01)"
"10/31/2023","10/31/2023","11/2/2023","VZ","Verizon
CUSIP: 92343V104","Buy","0.302593","$34.67","($10.49)"
"10/30/2023","10/30/2023","10/31/2023","GM","GM 11/3/2023 Put $31.00","OASGN","1","",""
"10/30/2023","10/30/2023","11/1/2023","GM","GM
CUSIP: 37045V100
1 GM Option Assigned","Buy","100","$31.00","($3,100.00)"
"10/30/2023","10/30/2023","10/30/2023","","Roundup - Transfer from Spending to Brokerage","XENT_RWR","","","$10.50"
"10/30/2023","10/30/2023","10/30/2023","","Transfer from Brokerage to Spending","XENT","","","($200.00)"
"10/30/2023","10/30/2023","10/31/2023","","ACH Deposit","ACH","","","$500.00"
"10/27/2023","10/27/2023","10/30/2023","AMZN","AMZN 11/10/2023 Put $128.00","BTC","1","$3.45","($345.03)"
"10/27/2023","10/27/2023","10/30/2023","AMZN","AMZN 11/17/2023 Put $127.00","STO","1","$3.65","$364.95"
"10/25/2023","10/25/2023","10/26/2023","AMZN","AMZN 11/10/2023 Put $128.00","STO","1","$9.46","$945.95"
"10/25/2023","10/25/2023","10/26/2023","AMZN","AMZN 10/27/2023 Put $129.00","BTC","1","$9.34","($934.03)"
"10/25/2023","10/25/2023","10/26/2023","ADI","ADI 11/10/2023 Put $162.50","STO","1","$5.00","$499.95"
"10/25/2023","10/25/2023","10/26/2023","ADI","ADI 10/27/2023 Put $165.00","BTC","1","$4.84","($484.03)"
"10/25/2023","10/25/2023","10/26/2023","GM","GM 11/3/2023 Put $31.00","STO","1","$2.88","$287.95"
"10/25/2023","10/25/2023","10/26/2023","GM","GM 10/27/2023 Put $31.00","BTC","1","$2.87","($287.03)"
"10/24/2023","10/24/2023","10/26/2023","VZ","Verizon
CUSIP: 92343V104","Buy","0.367518","$33.25","($12.22)"
"10/23/2023","10/23/2023","10/23/2023","","Roundup - Transfer from Spending to Brokerage","XENT_RWR","","","$12.22"
"10/20/2023","10/20/2023","10/23/2023","ADI","ADI 10/27/2023 Put $165.00","STO","1","$2.30","$229.98"
"10/20/2023","10/20/2023","10/23/2023","","ACH Deposit","ACH","","","$1,000.00"
"10/20/2023","10/20/2023","10/23/2023","XOM","XOM 10/20/2023 Put $110.00","BTC","1","$0.05","($5.00)"
"10/20/2023","10/20/2023","10/23/2023","","ACH Deposit","ACH","","","$1,500.00"
"10/19/2023","10/19/2023","10/20/2023","AMZN","AMZN 10/27/2023 Put $129.00","STO","1","$4.99","$498.98"
"10/19/2023","10/19/2023","10/20/2023","AMZN","AMZN 10/20/2023 Put $130.00","BTC","1","$2.12","($212.00)"
"10/18/2023","10/18/2023","10/19/2023","ADI","ADI 11/3/2023 Call $180.00","STO","1","$1.40","$139.98"
"10/17/2023","10/17/2023","10/19/2023","VZ","Verizon
CUSIP: 92343V104","Buy","0.288053","$31.13","($8.97)"
"10/17/2023","10/17/2023","10/17/2023","","Gold Subscription Fee","GOLD","","","($5.00)"
"10/16/2023","10/16/2023","10/16/2023","","Roundup - Transfer from Spending to Brokerage","XENT_RWR","","","$8.97"
"10/13/2023","10/13/2023","10/16/2023","XOM","XOM 10/20/2023 Put $110.00","STO","1","$1.77","$176.98"
"10/13/2023","10/13/2023","10/16/2023","XOM","XOM 10/13/2023 Put $111.00","BTC","1","$1.22","($122.00)"
"10/13/2023","10/13/2023","10/13/2023","","Transfer from Brokerage to Spending","XENT","","","($2,300.00)"
"10/12/2023","10/12/2023","10/13/2023","GM","GM 10/27/2023 Put $31.00","STO","1","$1.27","$126.98"
"10/12/2023","10/12/2023","10/13/2023","GM","GM 10/13/2023 Put $31.50","BTC","1","$1.05","($105.00)"
"10/11/2023","10/11/2023","10/11/2023","","Transfer from Brokerage to Spending","XENT","","","($500.00)"
"10/11/2023","10/11/2023","10/12/2023","","ACH Deposit","ACH","","","$500.00"
"10/10/2023","10/10/2023","10/10/2023","","Transfer from Brokerage to Spending","XENT","","","($100.00)"
"10/10/2023","10/10/2023","10/12/2023","VZ","Verizon
CUSIP: 92343V104","Buy","0.322918","$31.48","($10.17)"
"10/10/2023","10/10/2023","10/12/2023","VZ","Verizon
CUSIP: 92343V104","Buy","0.000317","$31.48","($0.01)"
"10/10/2023","10/10/2023","10/10/2023","","Transfer from Brokerage to Spending","XENT","","","($200.00)"
"10/9/2023","10/9/2023","10/9/2023","","Roundup - Transfer from Spending to Brokerage","XENT_RWR","","","$10.18"
"10/9/2023","10/9/2023","10/9/2023","","Transfer from Brokerage to Spending","XENT","","","($200.00)"
"10/9/2023","10/9/2023","10/10/2023","XOM","XOM 10/13/2023 Put $111.00","STO","1","$1.52","$151.98"
"10/9/2023","10/9/2023","10/9/2023","","Backup Coverage Transfer - Transfer from Brokerage to Spending","XENT","","","($5.28)"
"10/9/2023","10/9/2023","10/9/2023","","Backup Coverage Transfer - Transfer from Brokerage to Spending","XENT","","","($101.00)"
"10/9/2023","10/9/2023","10/9/2023","","Backup Coverage Transfer - Transfer from Brokerage to Spending","XENT","","","($7.00)"
"10/9/2023","10/9/2023","10/11/2023","","ACH Deposit","ACH","","","$2,000.00"
"10/9/2023","10/9/2023","10/9/2023","","Backup Coverage Transfer - Transfer from Brokerage to Spending","XENT","","","($58.61)"
"10/6/2023","10/6/2023","10/6/2023","","Transfer from Brokerage to Spending","XENT","","","($200.00)"
"10/6/2023","10/6/2023","10/6/2023","","Backup Coverage Transfer - Transfer from Brokerage to Spending","XENT","","","($66.22)"
"10/6/2023","10/6/2023","10/10/2023","GOOGL","GOOGL 10/6/2023 Put $131.00","BTC","1","$0.03","($3.00)"
"10/5/2023","10/5/2023","10/6/2023","GM","GM 10/13/2023 Put $31.50","STO","1","$1.12","$111.98"
"10/5/2023","10/5/2023","10/6/2023","GM","GM 10/6/2023 Put $31.50","BTC","1","$0.84","($84.00)"
"10/5/2023","10/5/2023","10/5/2023","","Transfer from Brokerage to Spending","XENT","","","($200.00)"
"10/4/2023","10/4/2023","10/5/2023","AMZN","AMZN 10/20/2023 Put $130.00","STO","1","$5.05","$504.98"
"10/4/2023","10/4/2023","10/5/2023","AMZN","AMZN 10/6/2023 Put $131.00","BTC","1","$4.39","($439.00)"
"10/3/2023","10/3/2023","10/3/2023","","Transfer from Brokerage to Spending","XENT","","","($200.00)"
"10/3/2023","10/3/2023","10/4/2023","GM","GM 10/6/2023 Put $31.50","STO","1","$0.49","$48.98"
"10/3/2023","10/3/2023","10/5/2023","VZ","Verizon
CUSIP: 92343V104","Buy","0.000631","$31.69","($0.02)"
"10/3/2023","10/3/2023","10/5/2023","VZ","Verizon
CUSIP: 92343V104","Buy","0.352811","$31.69","($11.18)"
"10/2/2023","10/2/2023","10/2/2023","","Transfer from Brokerage to Spending","XENT","","","($500.00)"
"10/2/2023","10/2/2023","10/2/2023","","Backup Coverage Transfer - Transfer from Brokerage to Spending","XENT","","","($7.62)"
"10/2/2023","10/2/2023","10/2/2023","","Backup Coverage Transfer - Transfer from Brokerage to Spending","XENT","","","($43.60)"
"10/2/2023","10/2/2023","10/2/2023","","Roundup - Transfer from Spending to Brokerage","XENT_RWR","","","$11.20"
"10/2/2023","10/2/2023","10/2/2023","","Backup Coverage Transfer - Transfer from Brokerage to Spending","XENT","","","($16.82)"
"10/2/2023","10/2/2023","10/2/2023","","Transfer from Brokerage to Spending","XENT","","","($200.00)"
"10/2/2023","10/2/2023","10/2/2023","","Transfer from Brokerage to Spending","XENT","","","($250.00)"
"10/2/2023","10/2/2023","10/2/2023","","Transfer from Brokerage to Spending","XENT","","","($200.00)"
"10/2/2023","10/2/2023","10/2/2023","","Backup Coverage Transfer - Transfer from Brokerage to Spending","XENT","","","($4.36)"
"10/2/2023","10/2/2023","10/2/2023","","Backup Coverage Transfer - Transfer from Brokerage to Spending","XENT","","","($16.90)"
"9/29/2023","9/29/2023","10/2/2023","GM","Option Expiration for GM 9/29/2023 Call $36.00","OEXP","2","",""
"9/29/2023","9/29/2023","10/2/2023","F","Option Expiration for F 9/29/2023 Call $13.50","OEXP","1","",""
"9/29/2023","9/29/2023","9/29/2023","","Backup Coverage Transfer - Transfer from Brokerage to Spending","XENT","","","($16.26)"
"9/29/2023","9/29/2023","10/2/2023","GOOGL","GOOGL 10/6/2023 Put $131.00","STO","1","$0.73","$72.95"
"9/29/2023","9/29/2023","10/2/2023","GOOGL","GOOGL 9/29/2023 Put $131.00","BTC","1","$0.03","($3.03)"
"9/29/2023","9/29/2023","10/2/2023","CTRA","CTRA 10/6/2023 Put $28.00","BTC","2","$0.77","($154.06)"
"9/29/2023","9/29/2023","10/2/2023","CTRA","CTRA 10/6/2023 Put $28.00","BTC","1","$0.77","($77.03)"
"9/29/2023","9/29/2023","10/2/2023","CTRA","CTRA 11/10/2023 Put $27.00","STO","2","$0.87","$173.92"
"9/29/2023","9/29/2023","10/2/2023","CTRA","CTRA 11/10/2023 Put $27.00","STO","1","$0.87","$86.95"
"9/28/2023","9/28/2023","9/28/2023","","Transfer from Brokerage to Spending","XENT","","","($100.00)"
"9/28/2023","9/28/2023","9/29/2023","AMZN","AMZN 10/6/2023 Put $131.00","STO","1","$7.05","$704.98"
"9/28/2023","9/28/2023","9/29/2023","AMZN","AMZN 9/29/2023 Put $131.00","BTC","1","$6.80","($680.00)"
"9/28/2023","9/28/2023","9/28/2023","","Transfer from Brokerage to Spending","XENT","","","($200.00)"
"9/27/2023","9/27/2023","9/27/2023","","Backup Coverage Transfer - Transfer from Brokerage to Spending","XENT","","","($64.76)"
"9/26/2023","9/26/2023","9/26/2023","","Transfer from Brokerage to Spending","XENT","","","($200.00)"
"9/26/2023","9/26/2023","9/28/2023","VZ","Verizon
CUSIP: 92343V104","Buy","0.373014","$32.85","($12.25)"
"9/26/2023","9/26/2023","9/28/2023","VZ","Verizon
CUSIP: 92343V104","Buy","0.002435","$32.85","($0.08)"
"9/25/2023","9/25/2023","9/25/2023","","Transfer from Brokerage to Spending","XENT","","","($300.00)"
"9/25/2023","9/25/2023","9/25/2023","","Roundup - Transfer from Spending to Brokerage","XENT_RWR","","","$12.33"
"9/25/2023","9/25/2023","9/26/2023","AMZN","AMZN 9/29/2023 Put $131.00","STO","1","$2.19","$218.98"
"9/25/2023","9/25/2023","9/26/2023","GOOGL","GOOGL 9/29/2023 Put $131.00","STO","1","$2.07","$206.98"
"9/25/2023","9/25/2023","9/25/2023","","Transfer from Brokerage to Spending","XENT","","","($500.00)"
"9/25/2023","9/25/2023","9/25/2023","","Backup Coverage Transfer - Transfer from Brokerage to Spending","XENT","","","($25.09)"
"9/25/2023","9/25/2023","9/25/2023","","Transfer from Brokerage to Spending","XENT","","","($500.00)"
"9/25/2023","9/25/2023","9/26/2023","","ACH Deposit","ACH","","","$1,000.00"
"9/22/2023","9/22/2023","9/25/2023","VZ","Option Expiration for VZ 9/22/2023 Call $37.00","OEXP","4","",""
"9/22/2023","9/22/2023","9/25/2023","AAPL","Option Expiration for AAPL 9/22/2023 Put $172.50","OEXP","1","",""
"9/22/2023","9/22/2023","9/25/2023","GOOGL","GOOGL 9/22/2023 Put $131.00","BTC","1","$0.06","($6.00)"
"9/22/2023","9/22/2023","9/25/2023","F","F 9/29/2023 Call $13.50","STO","1","$0.04","$3.98"
"9/21/2023","9/21/2023","9/22/2023","GOOGL","GOOGL 9/22/2023 Put $131.00","STO","1","$1.02","$101.98"
"9/21/2023","9/21/2023","9/22/2023","GOOGL","GOOGL 9/22/2023 Call $130.00","STC","1","$1.39","$138.98"
"9/21/2023","9/21/2023","9/22/2023","GOOGL","GOOGL 9/22/2023 Call $130.00","BTO","1","$1.39","($139.00)"
"9/21/2023","9/21/2023","9/21/2023","","Transfer from Brokerage to Spending","XENT","","","($500.00)"
"9/20/2023","9/20/2023","9/21/2023","CTRA","CTRA 10/6/2023 Put $28.00","STO","3","$0.90","$269.98"
"9/20/2023","9/20/2023","9/21/2023","CTRA","CTRA 9/22/2023 Put $28.00","BTC","3","$0.85","($255.00)"
"9/20/2023","9/20/2023","9/21/2023","GM","GM 9/29/2023 Call $36.00","STO","2","$0.12","$23.98"
"9/20/2023","9/20/2023","9/21/2023","","ACH Deposit","ACH","","","$500.00"
"9/20/2023","9/20/2023","9/20/2023","","Transfer from Brokerage to Spending","XENT","","","($500.00)"
"9/20/2023","9/20/2023","9/20/2023","","Backup Coverage Transfer - Transfer from Brokerage to Spending","XENT","","","($6.82)"
"9/19/2023","9/19/2023","9/19/2023","","Backup Coverage Transfer - Transfer from Brokerage to Spending","XENT","","","($34.04)"
"9/19/2023","9/19/2023","9/21/2023","VZ","Verizon
CUSIP: 92343V104","Buy","0.397619","$33.60","($13.36)"
"9/18/2023","9/18/2023","9/18/2023","","Roundup - Transfer from Spending to Brokerage","XENT_RWR","","","$13.36"
"9/18/2023","9/18/2023","9/19/2023","CTRA","CTRA 9/22/2023 Put $28.00","STO","3","$0.30","$89.98"
"9/18/2023","9/18/2023","9/18/2023","","Transfer from Brokerage to Spending","XENT","","","($300.00)"
"9/18/2023","9/18/2023","9/18/2023","","Gold Subscription Fee","GOLD","","","($5.00)"
"9/15/2023","9/15/2023","9/18/2023","ADI","Option Expiration for ADI 9/15/2023 Call $182.50","OEXP","1","",""
"9/15/2023","9/15/2023","9/18/2023","GOOGL","Option Expiration for GOOGL 9/15/2023 Put $135.00","OEXP","1","",""
"9/15/2023","9/15/2023","9/18/2023","AAPL","AAPL 9/22/2023 Put $172.50","STO","1","$1.25","$124.98"
"9/15/2023","9/15/2023","9/18/2023","AAPL","AAPL 9/15/2023 Put $175.00","BTC","1","$0.64","($64.00)"
"9/14/2023","9/14/2023","9/14/2023","ADI","Cash Div: R/D 2023-09-05 P/D 2023-09-14 - 100 shares at 0.86","CDIV","","","$86.00"
"9/14/2023","9/14/2023","9/15/2023","F","F 9/29/2023 Put $14.50","OASGN","1","",""
"9/14/2023","9/14/2023","9/18/2023","F","Ford Motor
CUSIP: 345370860
1 F Option Assigned","Buy","100","$14.50","($1,450.00)"
"9/14/2023","9/14/2023","9/18/2023","ARM","Arm Holdings plc
CUSIP: 042068205","Sell","100","$64.07","$6,406.97"
"9/14/2023","9/14/2023","9/15/2023","ADI","ADI 9/15/2023 Call $182.50","STO","1","$0.05","$4.98"
"9/14/2023","9/14/2023","9/18/2023","ARM","Arm Holdings plc
CUSIP: 042068205","Buy","100","$60.88","($6,088.00)"
"9/14/2023","9/14/2023","9/15/2023","AAPL","AAPL 9/15/2023 Put $175.00","STO","1","$0.74","$73.98"
"9/13/2023","9/13/2023","9/14/2023","GOOGL","GOOGL 9/15/2023 Put $135.00","STO","1","$0.45","$44.98"
"9/13/2023","9/13/2023","9/14/2023","F","F 9/29/2023 Put $14.50","STO","1","$1.74","$173.98"
"9/13/2023","9/13/2023","9/14/2023","F","F 12/15/2023 Put $14.00","BTC","1","$1.60","($160.00)"
"9/12/2023","9/12/2023","9/14/2023","VZ","Verizon
CUSIP: 92343V104","Buy","0.31673","$34.13","($10.81)"
"9/11/2023","9/11/2023","9/11/2023","","Roundup - Transfer from Spending to Brokerage","XENT_RWR","","","$10.81"
"9/8/2023","9/8/2023","9/11/2023","ADI","Option Expiration for ADI 9/8/2023 Call $187.50","OEXP","1","",""
"9/8/2023","9/8/2023","9/11/2023","MSFT","Option Expiration for MSFT 9/8/2023 Put $327.50","OEXP","1","",""
"9/8/2023","9/8/2023","9/11/2023","","ACH Deposit","ACH","","","$2,000.00"
"9/7/2023","9/7/2023","9/7/2023","","Transfer from Brokerage to Spending","XENT","","","($2,000.00)"
"9/7/2023","9/7/2023","9/7/2023","","Backup Coverage Transfer - Transfer from Brokerage to Spending","XENT","","","($10.06)"
"9/6/2023","9/6/2023","9/6/2023","","Backup Coverage Transfer - Transfer from Brokerage to Spending","XENT","","","($12.02)"
"9/5/2023","9/5/2023","9/6/2023","GM","GM 9/15/2023 Put $37.00","OASGN","2","",""
"9/5/2023","9/5/2023","9/7/2023","GM","GM
CUSIP: 37045V100
2 GM Options Assigned","Buy","200","$37.00","($7,400.00)"
"9/5/2023","9/5/2023","9/6/2023","VZ","VZ 9/22/2023 Call $37.00","STO","4","$0.03","$11.98"
"9/5/2023","9/5/2023","9/5/2023","","Transfer from Brokerage to Spending","XENT","","","($600.00)"
"9/5/2023","9/5/2023","9/7/2023","VZ","Verizon
CUSIP: 92343V104","Buy","0.331563","$34.85","($11.55)"
"9/5/2023","9/5/2023","9/5/2023","","Roundup - Transfer from Spending to Brokerage","XENT_RWR","","","$11.55"
"9/5/2023","9/5/2023","9/5/2023","","Transfer from Brokerage to Spending","XENT","","","($200.00)"
"9/5/2023","9/5/2023","9/5/2023","","Backup Coverage Transfer - Transfer from Brokerage to Spending","XENT","","","($3.44)"
"9/1/2023","9/1/2023","9/5/2023","VZ","Option Expiration for VZ 9/1/2023 Call $36.00","OEXP","4","",""
"9/1/2023","9/1/2023","9/5/2023","GM","Option Expiration for GM 9/1/2023 Put $32.50","OEXP","1","",""
"9/1/2023","9/1/2023","9/1/2023","","Backup Coverage Transfer - Transfer from Brokerage to Spending","XENT","","","($0.47)"
"9/1/2023","9/1/2023","9/1/2023","","Backup Coverage Transfer - Transfer from Brokerage to Spending","XENT","","","($39.83)"
"8/31/2023","8/31/2023","9/1/2023","VZ","VZ 9/1/2023 Call $36.00","STO","3","$0.01","$2.98"
"8/31/2023","8/31/2023","9/1/2023","ADI","ADI 9/8/2023 Call $187.50","STO","1","$0.40","$39.98"
"8/31/2023","8/31/2023","9/1/2023","ADI","ADI 9/1/2023 Call $185.00","BTC","1","$0.14","($14.00)"
"8/31/2023","8/31/2023","9/1/2023","VZ","VZ 9/1/2023 Call $36.00","STO","1","$0.01","$0.98"
"8/31/2023","8/31/2023","9/1/2023","ADI","ADI 9/1/2023 Call $185.00","STO","1","$0.16","$15.98"
"8/31/2023","8/31/2023","9/1/2023","MSFT","MSFT 9/8/2023 Put $327.50","STO","1","$3.05","$304.98"
"8/31/2023","8/31/2023","9/1/2023","MSFT","MSFT 9/1/2023 Put $330.00","BTC","1","$2.49","($249.00)"
"8/29/2023","8/29/2023","8/31/2023","VZ","Verizon
CUSIP: 92343V104","Buy","0.229016","$34.03","($7.79)"
"8/28/2023","8/28/2023","8/28/2023","","Roundup - Transfer from Spending to Brokerage","XENT_RWR","","","$7.79"
"8/28/2023","8/28/2023","8/28/2023","","Backup Coverage Transfer - Transfer from Brokerage to Spending","XENT","","","($42.56)"
"8/28/2023","8/28/2023","8/28/2023","","Backup Coverage Transfer - Transfer from Brokerage to Spending","XENT","","","($13.36)"
"8/25/2023","8/25/2023","8/28/2023","ADI","Option Expiration for ADI 8/25/2023 Call $182.50","OEXP","1","",""
"8/25/2023","8/25/2023","8/28/2023","VZ","Option Expiration for VZ 8/25/2023 Call $37.00","OEXP","4","",""
"8/25/2023","8/25/2023","8/28/2023","GM","GM 9/1/2023 Put $32.50","STO","1","$0.66","$65.98"
"8/25/2023","8/25/2023","8/28/2023","GM","GM 8/25/2023 Put $32.50","BTC","1","$0.26","($26.00)"
"8/24/2023","8/24/2023","8/24/2023","","Transfer from Brokerage to Spending","XENT","","","($100.00)"
"8/24/2023","8/24/2023","8/24/2023","","Backup Coverage Transfer - Transfer from Brokerage to Spending","XENT","","","($126.00)"
"8/24/2023","8/24/2023","8/24/2023","","Backup Coverage Transfer - Transfer from Brokerage to Spending","XENT","","","($41.01)"
"8/24/2023","8/24/2023","8/25/2023","MSFT","MSFT 8/25/2023 Put $330.00","BTC","1","$9.61","($961.00)"
"8/24/2023","8/24/2023","8/25/2023","MSFT","MSFT 9/1/2023 Put $330.00","STO","1","$10.74","$1,073.98"
"8/24/2023","8/24/2023","8/25/2023","ADI","ADI 8/25/2023 Call $182.50","STO","1","$0.15","$14.98"
"8/24/2023","8/24/2023","8/24/2023","","Transfer from Brokerage to Spending","XENT","","","($50.00)"
"8/22/2023","8/22/2023","8/24/2023","VZ","Verizon
CUSIP: 92343V104","Buy","0.379685","$33.08","($12.56)"
"8/21/2023","8/21/2023","8/21/2023","","Roundup Match - Transfer from Spending RH Firm to Brokerage","XENT_RWM","","","$2.51"
"8/21/2023","8/21/2023","8/21/2023","","Roundup - Transfer from Spending to Brokerage","XENT_RWR","","","$10.05"
"8/21/2023","8/21/2023","8/22/2023","MSFT","MSFT 9/15/2023 Put $325.00","BTC","1","$11.00","($1,100.00)"
"8/21/2023","8/21/2023","8/22/2023","MSFT","MSFT 8/25/2023 Put $330.00","STO","1","$11.45","$1,144.98"
"8/21/2023","8/21/2023","8/21/2023","","Backup Coverage Transfer - Transfer from Brokerage to Spending","XENT","","","($14.59)"
"8/18/2023","8/18/2023","8/21/2023","GM","GM 8/25/2023 Put $32.50","STO","1","$0.38","$37.98"
"8/18/2023","8/18/2023","8/21/2023","MSFT","MSFT 9/15/2023 Put $325.00","STO","1","$15.00","$1,499.97"
"8/18/2023","8/18/2023","8/21/2023","MSFT","MSFT 8/25/2023 Put $327.50","BTC","1","$14.50","($1,450.00)"
"8/18/2023","8/18/2023","8/18/2023","","Gold Subscription Fee","GOLD","","","($5.00)"
"8/17/2023","8/17/2023","8/18/2023","MSFT","MSFT 8/25/2023 Put $327.50","STO","1","$10.25","$1,024.98"
"8/17/2023","8/17/2023","8/18/2023","MSFT","MSFT 8/18/2023 Put $327.50","BTC","1","$8.58","($858.00)"
"8/16/2023","8/16/2023","8/17/2023","ADI","ADI 8/18/2023 Put $187.50","OASGN","1","",""
"8/16/2023","8/16/2023","8/18/2023","ADI","Analog Devices
CUSIP: 032654105
1 ADI Option Assigned","Buy","100","$187.50","($18,750.00)"
"8/16/2023","8/16/2023","8/16/2023","","Backup Coverage Transfer - Transfer from Brokerage to Spending","XENT","","","($19.43)"
"8/16/2023","8/16/2023","8/16/2023","","Backup Coverage Transfer - Transfer from Brokerage to Spending","XENT","","","($34.91)"
"8/15/2023","8/15/2023","8/17/2023","VZ","Verizon
CUSIP: 92343V104","Buy","0.001499","$33.35","($0.05)"
"8/15/2023","8/15/2023","8/17/2023","VZ","Verizon
CUSIP: 92343V104","Buy","0.519138","$33.35","($17.31)"
"8/14/2023","8/14/2023","8/14/2023","","Roundup Match - Transfer from Spending RH Firm to Brokerage","XENT_RWM","","","$8.68"
"8/14/2023","8/14/2023","8/14/2023","","Roundup - Transfer from Spending to Brokerage","XENT_RWR","","","$8.68"
"8/11/2023","8/11/2023","8/11/2023","","Transfer from Brokerage to Spending","XENT","","","($500.00)"
"8/11/2023","8/11/2023","8/14/2023","MU","MU 6/21/2024 Put $72.50","STO","1","$12.35","$1,234.98"
"8/11/2023","8/11/2023","8/14/2023","MU","MU 11/17/2023 Put $75.00","BTC","1","$11.49","($1,149.00)"
"8/11/2023","8/11/2023","8/14/2023","ADI","ADI 8/18/2023 Put $187.50","STO","1","$5.45","$544.98"
"8/11/2023","8/11/2023","8/14/2023","ADI","ADI 8/11/2023 Put $187.50","BTC","1","$4.49","($449.00)"
"8/11/2023","8/11/2023","8/14/2023","MSFT","MSFT 8/11/2023 Put $327.50","BTC","1","$7.05","($705.00)"
"8/11/2023","8/11/2023","8/14/2023","MSFT","MSFT 8/18/2023 Put $327.50","STO","1","$8.95","$894.98"
"8/10/2023","8/10/2023","8/11/2023","GM","GM 8/11/2023 Put $37.50","BTC","2","$2.43","($486.00)"
"8/10/2023","8/10/2023","8/11/2023","GM","GM 9/15/2023 Put $37.00","STO","2","$2.43","$485.98"
"8/8/2023","8/8/2023","8/10/2023","VZ","Verizon
CUSIP: 92343V104","Buy","0.46756","$32.43","($15.16)"
"8/8/2023","8/8/2023","8/10/2023","VZ","Verizon
CUSIP: 92343V104","Buy","0.000308","$32.43","($0.01)"
"8/7/2023","8/7/2023","8/7/2023","","Roundup Match - Transfer from Spending RH Firm to Brokerage","XENT_RWM","","","$1.38"
"8/7/2023","8/7/2023","8/7/2023","","Roundup - Transfer from Spending to Brokerage","XENT_RWR","","","$13.79"
"8/7/2023","8/7/2023","8/8/2023","ADI","ADI 8/11/2023 Put $187.50","STO","1","$1.65","$164.98"
"8/7/2023","8/7/2023","8/8/2023","MSFT","MSFT 8/11/2023 Put $327.50","STO","1","$2.93","$292.98"
"8/4/2023","8/4/2023","8/7/2023","MSFT","MSFT 8/4/2023 Put $327.50","BTC","1","$0.08","($8.00)"
"8/4/2023","8/4/2023","8/7/2023","GM","GM 8/11/2023 Put $37.50","STO","2","$0.82","$163.98"
"8/4/2023","8/4/2023","8/7/2023","GM","GM 8/4/2023 Put $37.50","BTC","2","$0.57","($114.00)"
"8/4/2023","8/4/2023","8/7/2023","AMZN","AMZN 8/4/2023 Put $127.00","BTC","1","$0.02","($2.00)"
"8/4/2023","8/4/2023","8/7/2023","AMZN","AMZN 8/4/2023 Put $127.00","BTC","1","$0.02","($2.00)"
"8/3/2023","8/3/2023","8/3/2023","","Internal transfer from rhs_account account to rhs_roth_ira account","ITRF","","","($3,000.00)"
"8/3/2023","8/3/2023","8/4/2023","MSFT","MSFT 8/4/2023 Put $327.50","STO","1","$2.66","$265.98"
"8/2/2023","8/2/2023","8/3/2023","F","F 12/15/2023 Put $14.00","STO","1","$1.53","$152.98"
"8/2/2023","8/2/2023","8/3/2023","F","F 8/11/2023 Put $14.50","BTC","1","$1.53","($153.00)"
"8/1/2023","8/1/2023","8/1/2023","VZ","Cash Div: R/D 2023-07-10 P/D 2023-08-01 - 400 shares at 0.6525","CDIV","","","$261.00"
"8/1/2023","8/1/2023","8/2/2023","VZ","VZ 8/25/2023 Call $37.00","STO","1","$0.05","$4.98"
"8/1/2023","8/1/2023","8/2/2023","VZ","VZ 8/25/2023 Call $37.00","STO","1","$0.05","$4.98"
"8/1/2023","8/1/2023","8/2/2023","VZ","VZ 8/25/2023 Call $37.00","STO","1","$0.05","$4.98"
"8/1/2023","8/1/2023","8/2/2023","VZ","VZ 8/25/2023 Call $37.00","STO","1","$0.05","$4.98"
"8/1/2023","8/1/2023","8/3/2023","VZ","Verizon
CUSIP: 92343V104","Buy","0.538686","$34.25","($18.45)"
"7/31/2023","7/31/2023","7/31/2023","","Roundup Match - Transfer from Spending RH Firm to Brokerage","XENT_RWM","","","$5.27"
"7/31/2023","7/31/2023","7/31/2023","","Roundup - Transfer from Spending to Brokerage","XENT_RWR","","","$13.18"
"7/31/2023","7/31/2023","8/1/2023","GM","GM 8/4/2023 Put $37.50","STO","2","$0.21","$41.98"
"7/28/2023","7/28/2023","7/31/2023","AAPL","Option Expiration for AAPL 7/28/2023 Put $192.50","OEXP","1","",""
"7/28/2023","7/28/2023","7/31/2023","F","F 8/11/2023 Put $14.50","STO","1","$1.45","$144.98"
"7/28/2023","7/28/2023","7/31/2023","F","F 7/28/2023 Put $14.50","BTC","1","$1.45","($145.00)"
"7/27/2023","7/27/2023","7/28/2023","GM","GM 7/28/2023 Put $37.50","BTC","2","$0.03","($6.00)"
"7/27/2023","7/27/2023","7/27/2023","","Backup Coverage Transfer - Transfer from Brokerage to Spending","XENT","","","($59.43)"
"7/26/2023","7/26/2023","7/27/2023","AMZN","AMZN 7/28/2023 Put $131.00","BTC","2","$4.02","($804.00)"
"7/26/2023","7/26/2023","7/27/2023","AMZN","AMZN 8/4/2023 Put $127.00","STO","2","$4.33","$865.98"
"7/26/2023","7/26/2023","7/27/2023","GM","GM 7/28/2023 Put $37.50","STO","2","$0.22","$43.98"
"7/26/2023","7/26/2023","7/27/2023","GOOGL","GOOGL 7/28/2023 Put $121.00","BTC","1","$0.03","($3.00)"
"7/25/2023","7/25/2023","7/27/2023","VZ","Verizon
CUSIP: 92343V104","Buy","0.31336","$34.76","($10.89)"
"7/25/2023","7/25/2023","7/27/2023","VZ","Verizon
CUSIP: 92343V104","Buy","0.00115","$34.76","($0.04)"
"7/24/2023","7/24/2023","7/24/2023","","Roundup Match - Transfer from Spending RH Firm to Brokerage","XENT_RWM","","","$3.12"
"7/24/2023","7/24/2023","7/26/2023","BA","Boeing
CUSIP: 097023105","Sell","0.26112","$215.34","$56.23"
"7/24/2023","7/24/2023","7/24/2023","","Roundup - Transfer from Spending to Brokerage","XENT_RWR","","","$7.81"
"7/24/2023","7/24/2023","7/25/2023","AMZN","AMZN 7/28/2023 Put $131.00","STO","1","$3.00","$299.98"
"7/24/2023","7/24/2023","7/25/2023","AMZN","AMZN 7/28/2023 Put $131.00","STO","1","$1.99","$198.98"
"7/24/2023","7/24/2023","7/25/2023","AAPL","AAPL 7/28/2023 Put $192.50","STO","1","$1.37","$136.98"
"7/21/2023","7/21/2023","7/24/2023","SKLZ1","Option Expiration for SKLZ1 7/21/2023 Put $0.50","OEXP","1","",""
"7/21/2023","7/21/2023","7/24/2023","GM","GM 7/21/2023 Put $38.50","BTC","3","$0.03","($9.00)"
"7/21/2023","7/21/2023","7/24/2023","VZ","VZ 7/21/2023 Put $33.50","BTC","1","$0.06","($6.00)"
"7/21/2023","7/21/2023","7/24/2023","F","F 7/21/2023 Put $14.50","BTC","1","$0.60","($60.00)"
"7/21/2023","7/21/2023","7/24/2023","F","F 7/28/2023 Put $14.50","STO","1","$0.85","$84.98"
"7/21/2023","7/21/2023","7/24/2023","AAPL","AAPL 7/21/2023 Put $190.00","BTC","1","$0.02","($2.00)"
"7/21/2023","7/21/2023","7/24/2023","XOM","XOM 7/21/2023 Put $102.00","BTC","2","$0.02","($4.00)"
"7/19/2023","7/19/2023","7/20/2023","F","F 7/21/2023 Put $14.50","STO","1","$0.41","$40.98"
"7/19/2023","7/19/2023","7/19/2023","","Gold Fee","GOLD","","","($5.00)"
"7/18/2023","7/18/2023","7/19/2023","GOOGL","GOOGL 7/28/2023 Put $121.00","STO","1","$2.55","$254.98"
"7/18/2023","7/18/2023","7/19/2023","GOOGL","GOOGL 7/21/2023 Put $124.00","BTC","1","$1.86","($186.00)"
"7/18/2023","7/18/2023","7/20/2023","VZ","Verizon
CUSIP: 92343V104","Buy","0.373712","$32.00","($11.96)"
"7/18/2023","7/18/2023","7/20/2023","VZ","Verizon
CUSIP: 92343V104","Buy","0.000312","$32.00","($0.01)"
"7/17/2023","7/17/2023","7/17/2023","","Roundup Match - Transfer from Spending RH Firm to Brokerage","XENT_RWM","","","$2.76"
"7/17/2023","7/17/2023","7/17/2023","","Roundup - Transfer from Spending to Brokerage","XENT_RWR","","","$9.21"
"7/17/2023","7/17/2023","7/18/2023","GM","GM 7/21/2023 Put $38.50","STO","3","$0.44","$131.98"
"7/17/2023","7/17/2023","7/18/2023","VZ","VZ 7/21/2023 Put $33.50","STO","1","$0.35","$34.98"
"7/14/2023","7/14/2023","7/17/2023","VZ","Option Expiration for VZ 7/14/2023 Call $37.00","OEXP","4","",""
"7/14/2023","7/14/2023","7/17/2023","AAPL","AAPL 7/21/2023 Put $190.00","STO","1","$1.57","$156.98"
"7/14/2023","7/14/2023","7/17/2023","AAPL","AAPL 7/14/2023 Put $190.00","BTC","1","$0.19","($19.00)"
"7/14/2023","7/14/2023","7/17/2023","XOM","XOM 7/21/2023 Put $102.00","STO","1","$1.87","$186.98"
"7/14/2023","7/14/2023","7/14/2023","","Backup Coverage Transfer - Transfer from Brokerage to Spending","XENT","","","($135.61)"
"7/14/2023","7/14/2023","7/17/2023","AMD","AMD 7/14/2023 Put $115.00","BTC","1","$0.04","($4.00)"
"7/14/2023","7/14/2023","7/17/2023","XOM","XOM 7/21/2023 Put $102.00","STO","1","$1.00","$99.98"
"7/13/2023","7/13/2023","7/14/2023","AMZN","AMZN 7/14/2023 Put $128.00","BTC","1","$0.04","($4.00)"
"7/13/2023","7/13/2023","7/14/2023","MU","MU 11/17/2023 Put $75.00","STO","1","$11.85","$1,184.98"
"7/13/2023","7/13/2023","7/14/2023","MU","MU 1/17/2025 Put $67.50","BTC","1","$11.65","($1,165.00)"
"7/12/2023","7/12/2023","7/13/2023","XOM","XOM 7/14/2023 Put $102.00","BTC","1","$0.03","($3.00)"
"7/11/2023","7/11/2023","7/12/2023","GOOGL","GOOGL 7/28/2023 Put $122.00","BTC","1","$6.80","($680.00)"
"7/11/2023","7/11/2023","7/12/2023","GOOGL","GOOGL 7/21/2023 Put $124.00","STO","1","$7.35","$734.98"
"7/11/2023","7/11/2023","7/13/2023","BA","Boeing
CUSIP: 097023105","Buy","0.032178","$212.55","($6.84)"
"7/11/2023","7/11/2023","7/13/2023","BA","Boeing
CUSIP: 097023105","Buy","0.000188","$212.55","($0.04)"
"7/10/2023","7/10/2023","7/11/2023","AMZN","AMZN 7/14/2023 Put $128.00","STO","1","$2.30","$229.98"
"7/10/2023","7/10/2023","7/10/2023","","Roundup Match - Transfer from Spending RH Firm to Brokerage","XENT_RWM","","","$1.59"
"7/10/2023","7/10/2023","7/10/2023","","Roundup - Transfer from Spending to Brokerage","XENT_RWR","","","$5.29"
"7/10/2023","7/10/2023","7/11/2023","AAPL","AAPL 7/14/2023 Put $190.00","STO","1","$1.63","$162.98"
"7/7/2023","7/7/2023","7/7/2023","","Backup Coverage Transfer - Transfer from Brokerage to Spending","XENT","","","($4.32)"
"7/7/2023","7/7/2023","7/10/2023","XOM","XOM 7/14/2023 Put $102.00","STO","1","$0.95","$94.98"
"7/7/2023","7/7/2023","7/10/2023","MSFT","MSFT 7/7/2023 Put $335.00","BTC","1","$0.05","($5.00)"
"7/7/2023","7/7/2023","7/10/2023","VZ","VZ 7/14/2023 Call $37.00","STO","1","$0.08","$7.98"
"7/7/2023","7/7/2023","7/10/2023","VZ","VZ 7/14/2023 Call $37.00","STO","3","$0.08","$23.98"
"7/7/2023","7/7/2023","7/10/2023","AMD","AMD 7/14/2023 Put $115.00","STO","1","$2.59","$258.98"
"7/7/2023","7/7/2023","7/10/2023","AMD","AMD 7/7/2023 Put $117.00","BTC","1","$2.42","($242.00)"
"7/6/2023","7/6/2023","7/7/2023","GOOGL","GOOGL 7/28/2023 Put $122.00","STO","1","$5.38","$537.98"
"7/6/2023","7/6/2023","7/7/2023","GOOGL","GOOGL 7/14/2023 Put $123.00","BTC","1","$4.33","($433.00)"
"7/6/2023","7/6/2023","7/7/2023","MU","MU 7/28/2023 Put $73.00","BTC","1","$12.02","($1,202.00)"
"7/6/2023","7/6/2023","7/7/2023","MU","MU 1/17/2025 Put $67.50","STO","1","$12.83","$1,282.97"
"7/5/2023","7/5/2023","7/6/2023","GOOGL","GOOGL 7/7/2023 Put $123.00","BTC","1","$2.46","($246.00)"
"7/5/2023","7/5/2023","7/6/2023","GOOGL","GOOGL 7/14/2023 Put $123.00","STO","1","$2.96","$295.98"
"7/5/2023","7/5/2023","7/7/2023","BA","Boeing
CUSIP: 097023105","Buy","0.055285","$210.00","($11.61)"
"7/3/2023","7/3/2023","7/3/2023","","Roundup Match - Transfer from Spending RH Firm to Brokerage","XENT_RWM","","","$2.68"
"7/3/2023","7/3/2023","7/3/2023","","Roundup - Transfer from Spending to Brokerage","XENT_RWR","","","$8.93"
"7/3/2023","7/3/2023","7/5/2023","MSFT","MSFT 7/7/2023 Put $335.00","STO","1","$1.86","$185.98"
"6/30/2023","6/30/2023","6/30/2023","LDOS","Cash Div: R/D 2023-06-15 P/D 2023-06-30 - 100 shares at 0.36","CDIV","","","$36.00"
"6/30/2023","6/30/2023","7/3/2023","AMD","AMD 7/14/2023 Put $115.00","BTC","1","$4.02","($402.00)"
"6/30/2023","6/30/2023","7/3/2023","AMD","AMD 7/7/2023 Put $117.00","STO","1","$4.16","$415.98"
"6/30/2023","6/30/2023","7/3/2023","AMZN","AMZN 6/30/2023 Put $128.00","BTC","1","$0.03","($3.00)"
"6/30/2023","6/30/2023","7/3/2023","QCOM","QCOM 6/30/2023 Put $115.00","BTC","1","$0.02","($2.00)"
"6/29/2023","6/29/2023","6/30/2023","RIVN","RIVN 6/30/2023 Put $13.50","BTC","1","$0.02","($2.00)"
"6/29/2023","6/29/2023","6/30/2023","RIVN","RIVN 6/30/2023 Put $13.50","BTC","1","$0.02","($2.00)"
"6/29/2023","6/29/2023","6/30/2023","RIVN","RIVN 6/30/2023 Put $13.50","BTC","1","$0.02","($2.00)"
"6/29/2023","6/29/2023","6/30/2023","XOM","XOM 6/30/2023 Put $102.00","BTC","1","$0.03","($3.00)"
"6/29/2023","6/29/2023","6/30/2023","AMZN","AMZN 6/30/2023 Put $128.00","STO","1","$0.97","$96.98"
"6/29/2023","6/29/2023","6/30/2023","GM","GM 6/30/2023 Put $37.00","BTC","1","$0.03","($3.00)"
"6/29/2023","6/29/2023","6/30/2023","XOM","XOM 6/30/2023 Put $102.00","BTC","1","$0.03","($3.00)"
"6/29/2023","6/29/2023","6/30/2023","MU","MU 7/28/2023 Put $73.00","STO","1","$8.90","$889.98"
"6/29/2023","6/29/2023","6/30/2023","MU","MU 7/7/2023 Put $73.00","BTC","1","$8.75","($875.00)"
"6/27/2023","6/27/2023","6/28/2023","GM","GM 6/30/2023 Put $37.00","STO","1","$0.24","$23.98"
"6/27/2023","6/27/2023","6/29/2023","BA","Boeing
CUSIP: 097023105","Buy","0.080048","$206.25","($16.51)"
"6/26/2023","6/26/2023","6/26/2023","","Roundup Match - Transfer from Spending RH Firm to Brokerage","XENT_RWM","","","$4.72"
"6/26/2023","6/26/2023","6/26/2023","","Roundup - Transfer from Spending to Brokerage","XENT_RWR","","","$11.79"
"6/26/2023","6/26/2023","6/27/2023","AMD","AMD 7/14/2023 Put $115.00","STO","1","$8.54","$853.98"
"6/26/2023","6/26/2023","6/27/2023","AMD","AMD 6/30/2023 Put $116.00","BTC","1","$8.21","($821.00)"
"6/26/2023","6/26/2023","6/26/2023","SKLZ","Skillz
CUSIP: 83067L208","SPR","5","",""
"6/26/2023","6/26/2023","6/26/2023","SKLZ","Skillz
CUSIP: 83067L109","SPR","100S","",""
"6/26/2023","6/26/2023","6/26/2023","SKLZ1","SKLZ1 7/21/2023 Put $0.50","OCA","1S","",""
"6/26/2023","6/26/2023","6/26/2023","SKLZ","SKLZ 7/21/2023 Put $0.50","OCA","1","",""
"6/23/2023","6/23/2023","6/26/2023","QCOM","QCOM 6/30/2023 Put $115.00","STO","1","$1.59","$158.98"
"6/23/2023","6/23/2023","6/26/2023","RIVN","RIVN 6/30/2023 Put $13.50","STO","1","$0.39","$38.98"
"6/23/2023","6/23/2023","6/26/2023","RIVN","RIVN 6/30/2023 Put $13.50","STO","1","$0.39","$38.98"
"6/23/2023","6/23/2023","6/26/2023","RIVN","RIVN 6/30/2023 Put $13.50","STO","1","$0.39","$38.98"
"6/23/2023","6/23/2023","6/26/2023","XOM","XOM 6/30/2023 Put $102.00","STO","2","$1.45","$289.98"
"6/23/2023","6/23/2023","6/26/2023","XOM","XOM 6/23/2023 Put $102.00","BTC","2","$0.49","($98.00)"
"6/22/2023","6/22/2023","6/23/2023","SKLZ","SKLZ 7/21/2023 Put $0.50","STO","1","$0.02","$1.98"
"6/22/2023","6/22/2023","6/23/2023","AMZN","AMZN 6/23/2023 Put $126.00","BTC","1","$0.17","($17.00)"
"6/21/2023","6/21/2023","6/21/2023","","Transfer from Brokerage to Spending","XENT","","","($500.00)"
"6/21/2023","6/21/2023","6/22/2023","AMD","AMD 6/23/2023 Put $117.00","BTC","1","$4.93","($493.00)"
"6/21/2023","6/21/2023","6/22/2023","AMD","AMD 6/30/2023 Put $116.00","STO","1","$5.35","$534.98"
"6/21/2023","6/21/2023","6/22/2023","GOOGL","GOOGL 6/23/2023 Put $124.00","BTC","1","$3.59","($359.00)"
"6/21/2023","6/21/2023","6/22/2023","GOOGL","GOOGL 7/7/2023 Put $123.00","STO","1","$3.78","$377.98"
"6/20/2023","6/20/2023","6/21/2023","XOM","XOM 6/23/2023 Put $102.00","STO","1","$1.00","$99.98"
"6/20/2023","6/20/2023","6/21/2023","XOM","XOM 6/23/2023 Put $102.00","STO","1","$0.54","$53.98"
"6/20/2023","6/20/2023","6/21/2023","AMZN","AMZN 6/23/2023 Put $126.00","STO","1","$1.70","$169.98"
"6/20/2023","6/20/2023","6/22/2023","BA","Boeing
CUSIP: 097023105","Buy","0.000091","$218.95","($0.02)"
"6/20/2023","6/20/2023","6/22/2023","BA","Boeing
CUSIP: 097023105","Buy","0.04824","$218.95","($10.56)"
"6/20/2023","6/20/2023","6/20/2023","","Transfer from Brokerage to Spending","XENT","","","($1,500.00)"
"6/20/2023","6/20/2023","6/20/2023","","Roundup Match - Transfer from Spending RH Firm to Brokerage","XENT_RWM","","","$1.76"
"6/20/2023","6/20/2023","6/20/2023","","Roundup - Transfer from Spending to Brokerage","XENT_RWR","","","$8.82"
"6/20/2023","6/20/2023","6/20/2023","","Gold Fee","GOLD","","","($5.00)"
"6/20/2023","6/20/2023","6/20/2023","","Backup Coverage Transfer - Transfer from Brokerage to Spending","XENT","","","($77.42)"
"6/20/2023","6/20/2023","6/20/2023","","Backup Coverage Transfer - Transfer from Brokerage to Spending","XENT","","","($30.08)"
"6/20/2023","6/20/2023","6/20/2023","","Backup Coverage Transfer - Transfer from Brokerage to Spending","XENT","","","($46.87)"
"6/16/2023","6/16/2023","6/20/2023","LDOS","LDOS 6/16/2023 Call $85.00","OASGN","1","",""
"6/16/2023","6/16/2023","6/21/2023","LDOS","Leidos
CUSIP: 525327102
1 LDOS Option Assigned","Sell","100","$85.00","$8,499.92"
"6/16/2023","6/16/2023","6/20/2023","VZ","Option Expiration for VZ 6/16/2023 Call $37.00","OEXP","4","",""
"6/16/2023","6/16/2023","6/20/2023","RIVN","Option Expiration for RIVN 6/16/2023 Put $13.50","OEXP","8","",""
"6/16/2023","6/16/2023","6/20/2023","SKLZ","Option Expiration for SKLZ 6/16/2023 Put $0.50","OEXP","1","",""
"6/16/2023","6/16/2023","6/20/2023","AMZN","AMZN 6/16/2023 Put $125.00","BTC","1","$0.04","($4.00)"
"6/16/2023","6/16/2023","6/20/2023","AMD","AMD 6/23/2023 Put $117.00","STO","1","$1.13","$112.98"
"6/16/2023","6/16/2023","6/20/2023","AMD","AMD 6/16/2023 Put $122.00","BTC","1","$1.12","($112.00)"
"6/15/2023","6/15/2023","6/15/2023","","Backup Coverage Transfer - Transfer from Brokerage to Spending","XENT","","","($7.68)"
"6/15/2023","6/15/2023","6/16/2023","GOOGL","GOOGL 6/16/2023 Put $125.00","BTC","1","$1.55","($155.00)"
"6/15/2023","6/15/2023","6/16/2023","GOOGL","GOOGL 6/23/2023 Put $124.00","STO","1","$1.88","$187.98"
"6/14/2023","6/14/2023","6/15/2023","VZ","VZ 6/16/2023 Call $37.00","STO","2","$0.02","$3.98"
"6/14/2023","6/14/2023","6/15/2023","VZ","VZ 6/16/2023 Call $37.00","STO","1","$0.02","$1.98"
"6/14/2023","6/14/2023","6/15/2023","VZ","VZ 6/16/2023 Call $37.00","STO","1","$0.02","$1.98"
"6/14/2023","6/14/2023","6/15/2023","AMD","AMD 6/16/2023 Put $122.00","STO","1","$1.08","$107.98"
"6/13/2023","6/13/2023","6/15/2023","BA","Boeing
CUSIP: 097023105","Buy","0.04509","$222.43","($10.03)"
"6/12/2023","6/12/2023","6/13/2023","LDOS","LDOS 6/16/2023 Call $85.00","STO","1","$0.50","$49.98"
"6/12/2023","6/12/2023","6/12/2023","","Roundup Match - Transfer from Spending RH Firm to Brokerage","XENT_RWM","","","$2.01"
"6/12/2023","6/12/2023","6/12/2023","","Roundup - Transfer from Spending to Brokerage","XENT_RWR","","","$8.02"
"6/12/2023","6/12/2023","6/14/2023","BA","Boeing
CUSIP: 097023105","Sell","0.426983","$222.55","$95.03"
"6/12/2023","6/12/2023","6/13/2023","AMZN","AMZN 6/16/2023 Put $125.00","STO","1","$1.96","$195.98"
"6/9/2023","6/9/2023","6/12/2023","RIVN","RIVN 6/16/2023 Put $13.50","STO","1","$0.43","$42.98"
"6/9/2023","6/9/2023","6/12/2023","RIVN","RIVN 6/9/2023 Put $14.00","BTC","2","$0.17","($34.00)"
"6/9/2023","6/9/2023","6/12/2023","RIVN","RIVN 6/9/2023 Put $14.00","BTC","5","$0.17","($85.00)"
"6/9/2023","6/9/2023","6/12/2023","RIVN","RIVN 6/9/2023 Put $14.00","BTC","1","$0.17","($17.00)"
"6/9/2023","6/9/2023","6/12/2023","RIVN","RIVN 6/16/2023 Put $13.50","STO","2","$0.43","$85.98"
"6/9/2023","6/9/2023","6/12/2023","RIVN","RIVN 6/16/2023 Put $13.50","STO","5","$0.43","$214.98"
"6/9/2023","6/9/2023","6/12/2023","GOOGL","GOOGL 6/16/2023 Put $125.00","STO","1","$3.18","$317.98"
"6/9/2023","6/9/2023","6/12/2023","GOOGL","GOOGL 6/9/2023 Put $125.00","BTC","1","$2.38","($238.00)"
"6/9/2023","6/9/2023","6/12/2023","AAPL","AAPL 6/9/2023 Put $177.50","BTC","1","$0.01","($1.00)"
"6/9/2023","6/9/2023","6/12/2023","AMD","AMD 6/9/2023 Put $117.00","BTC","1","$0.01","($1.00)"
"6/8/2023","6/8/2023","6/8/2023","","Backup Coverage Transfer - Transfer from Brokerage to Spending","XENT","","","($20.00)"
"6/8/2023","6/8/2023","6/8/2023","","Backup Coverage Transfer - Transfer from Brokerage to Spending","XENT","","","($2.73)"
"6/8/2023","6/8/2023","6/8/2023","","Backup Coverage Transfer - Transfer from Brokerage to Spending","XENT","","","($2.45)"
"6/7/2023","6/7/2023","6/7/2023","","Backup Coverage Transfer - Transfer from Brokerage to Spending","XENT","","","($7.40)"
"6/7/2023","6/7/2023","6/7/2023","","Backup Coverage Transfer - Transfer from Brokerage to Spending","XENT","","","($12.44)"
"6/6/2023","6/6/2023","6/7/2023","AAPL","AAPL 6/9/2023 Put $177.50","STO","1","$0.94","$93.98"
"6/6/2023","6/6/2023","6/7/2023","RIVN","RIVN 6/9/2023 Put $14.00","STO","8","$0.25","$199.97"
"6/6/2023","6/6/2023","6/8/2023","BA","Boeing
CUSIP: 097023105","Buy","0.057088","$208.37","($11.90)"
"6/6/2023","6/6/2023","6/8/2023","BA","Boeing
CUSIP: 097023105","Buy","0.000095","$208.37","($0.02)"
"6/5/2023","6/5/2023","6/5/2023","","Roundup Match - Transfer from Spending RH Firm to Brokerage","XENT_RWM","","","$5.11"
"6/5/2023","6/5/2023","6/5/2023","","Roundup - Transfer from Spending to Brokerage","XENT_RWR","","","$6.81"
"6/5/2023","6/5/2023","6/6/2023","MU","MU 6/16/2023 Put $74.00","BTC","1","$6.28","($628.00)"
"6/5/2023","6/5/2023","6/6/2023","MU","MU 7/7/2023 Put $73.00","STO","1","$6.39","$638.98"
"6/5/2023","6/5/2023","6/6/2023","AMD","AMD 6/9/2023 Put $117.00","STO","1","$1.62","$161.98"
"6/5/2023","6/5/2023","6/6/2023","GOOGL","GOOGL 6/9/2023 Put $125.00","STO","1","$1.22","$121.98"
"6/2/2023","6/2/2023","6/5/2023","SU","Option Expiration for SU 6/2/2023 Put $27.50","OEXP","5","",""
"6/2/2023","6/2/2023","6/5/2023","GOOGL","Option Expiration for GOOGL 6/2/2023 Put $124.00","OEXP","1","",""
"6/2/2023","6/2/2023","6/5/2023","GM","Option Expiration for GM 6/2/2023 Put $31.50","OEXP","5","",""
"6/2/2023","6/2/2023","6/6/2023","VZ","Verizon
CUSIP: 92343V104","Buy","100","$33.92","($3,392.00)"
"6/1/2023","6/1/2023","6/2/2023","QCOM","QCOM 6/2/2023 Put $106.00","BTC","1","$0.02","($2.00)"
"5/31/2023","5/31/2023","6/1/2023","GM","GM 6/2/2023 Put $31.50","STO","3","$0.28","$83.98"
"5/31/2023","5/31/2023","6/1/2023","GM","GM 6/2/2023 Put $31.50","STO","2","$0.27","$53.98"
"5/30/2023","5/30/2023","5/31/2023","GOOGL","GOOGL 6/2/2023 Put $124.00","STO","1","$1.45","$144.98"
"5/30/2023","5/30/2023","6/1/2023","BA","Boeing
CUSIP: 097023105","Buy","0.000048","$204.09","($0.01)"
"5/30/2023","5/30/2023","6/1/2023","BA","Boeing
CUSIP: 097023105","Buy","0.078418","$204.09","($16.00)"
"5/30/2023","5/30/2023","5/30/2023","","Transfer from Brokerage to Spending","XENT","","","($100.00)"
"5/30/2023","5/30/2023","5/30/2023","","Roundup Match - Transfer from Spending RH Firm to Brokerage","XENT_RWM","","","$2.67"
"5/30/2023","5/30/2023","5/30/2023","","Roundup - Transfer from Spending to Brokerage","XENT_RWR","","","$13.34"
"5/26/2023","5/26/2023","5/30/2023","AAPL","AAPL 5/26/2023 Put $172.50","BTC","2","$0.02","($4.00)"
"5/26/2023","5/26/2023","5/30/2023","MU","MU 6/30/2023 Put $70.00","BTC","1","$2.43","($243.00)"
"5/26/2023","5/26/2023","5/30/2023","MU","MU 6/16/2023 Put $74.00","STO","1","$2.88","$287.98"
"5/26/2023","5/26/2023","5/30/2023","SU","SU 6/2/2023 Put $27.50","STO","2","$0.23","$45.98"
"5/26/2023","5/26/2023","5/30/2023","SU","SU 6/2/2023 Put $27.50","STO","3","$0.23","$68.98"
"5/25/2023","5/25/2023","5/26/2023","MU","MU 6/30/2023 Put $70.00","STO","1","$3.86","$385.98"
"5/25/2023","5/25/2023","5/26/2023","MU","MU 9/15/2023 Put $65.00","BTC","1","$3.85","($385.00)"
"5/25/2023","5/25/2023","5/30/2023","VZ","Verizon
CUSIP: 92343V104","Buy","100","$35.09","($3,509.00)"
"5/25/2023","5/25/2023","5/26/2023","QCOM","QCOM 6/2/2023 Put $106.00","STO","1","$5.00","$499.98"
"5/25/2023","5/25/2023","5/26/2023","QCOM","QCOM 5/26/2023 Put $106.00","BTC","1","$3.90","($390.00)"
"5/23/2023","5/23/2023","5/24/2023","AAPL","AAPL 5/26/2023 Put $172.50","STO","2","$1.13","$225.98"
"5/23/2023","5/23/2023","5/25/2023","BA","Boeing
CUSIP: 097023105","Buy","0.061638","$204.58","($12.61)"
"5/22/2023","5/22/2023","5/23/2023","SKLZ","SKLZ 6/16/2023 Put $0.50","STO","1","$0.03","$2.98"
"5/22/2023","5/22/2023","5/22/2023","","Roundup Match - Transfer from Spending RH Firm to Brokerage","XENT_RWM","","","$2.10"
"5/22/2023","5/22/2023","5/22/2023","","Roundup - Transfer from Spending to Brokerage","XENT_RWR","","","$10.51"
"5/22/2023","5/22/2023","5/23/2023","VZ","VZ 10/20/2023 Call $42.00","BTC","1","$0.21","($21.00)"
"5/22/2023","5/22/2023","5/22/2023","","Gold Fee","GOLD","","","($5.00)"
"5/22/2023","5/22/2023","5/22/2023","","Backup Coverage Transfer - Transfer from Brokerage to Spending","XENT","","","($2.22)"
"5/19/2023","5/19/2023","5/22/2023","AMD","Option Expiration for AMD 5/19/2023 Put $102.00","OEXP","1","",""
"5/19/2023","5/19/2023","5/22/2023","SKLZ","Option Expiration for SKLZ 5/19/2023 Call $1.00","OEXP","1","",""
"5/19/2023","5/19/2023","5/22/2023","AAPL","Option Expiration for AAPL 5/19/2023 Put $170.00","OEXP","1","",""
"5/19/2023","5/19/2023","5/22/2023","AMZN","AMZN 5/19/2023 Call $107.00","OASGN","2","",""
"5/19/2023","5/19/2023","5/23/2023","AMZN","Amazon
CUSIP: 023135106
2 AMZN Options Assigned","Sell","200","$107.00","$21,399.79"
"5/19/2023","5/19/2023","5/22/2023","BTBT","BTBT 5/19/2023 Call $1.00","OASGN","1","",""
"5/19/2023","5/19/2023","5/23/2023","BTBT","Bit Digital
CUSIP: G1144A105
1 BTBT Option Assigned","Sell","100","$1.00","$99.99"
"5/19/2023","5/19/2023","5/22/2023","SKLZ","Option Expiration for SKLZ 5/19/2023 Put $0.50","OEXP","1","",""
"5/19/2023","5/19/2023","5/22/2023","VZ","VZ 5/19/2023 Put $36.50","OASGN","1","",""
"5/19/2023","5/19/2023","5/23/2023","VZ","Verizon
CUSIP: 92343V104
1 VZ Option Assigned","Buy","100","$36.50","($3,650.00)"
"5/19/2023","5/19/2023","5/22/2023","QCOM","QCOM 5/19/2023 Put $106.00","BTC","1","$0.25","($25.00)"
"5/19/2023","5/19/2023","5/22/2023","QCOM","QCOM 5/26/2023 Put $106.00","STO","1","$1.60","$159.98"
"5/17/2023","5/17/2023","5/18/2023","MU","MU 10/20/2023 Put $62.50","BTC","1","$5.05","($505.00)"
"5/17/2023","5/17/2023","5/18/2023","MU","MU 9/15/2023 Put $65.00","STO","1","$5.34","$533.98"
"5/17/2023","5/17/2023","5/19/2023","BA","Boeing
CUSIP: 097023105","Sell","1","$206.07","$206.07"
"5/16/2023","5/16/2023","5/17/2023","VZ","VZ 5/19/2023 Put $36.50","STO","1","$0.29","$28.98"
"5/16/2023","5/16/2023","5/17/2023","AAPL","AAPL 5/19/2023 Put $170.00","STO","1","$0.51","$50.98"
"5/16/2023","5/16/2023","5/18/2023","BA","Boeing
CUSIP: 097023105","Buy","0.073332","$201.82","($14.80)"
"5/15/2023","5/15/2023","5/15/2023","","Transfer from Brokerage to Spending","XENT","","","($100.00)"
"5/15/2023","5/15/2023","5/15/2023","","Roundup Match - Transfer from Spending RH Firm to Brokerage","XENT_RWM","","","$4.23"
"5/15/2023","5/15/2023","5/15/2023","","Roundup - Transfer from Spending to Brokerage","XENT_RWR","","","$10.57"
"5/15/2023","5/15/2023","5/15/2023","","Backup Coverage Transfer - Transfer from Brokerage to Spending","XENT","","","($16.62)"
"5/15/2023","5/15/2023","5/15/2023","","Backup Coverage Transfer - Transfer from Brokerage to Spending","XENT","","","($15.19)"
"5/15/2023","5/15/2023","5/15/2023","","Transfer from Brokerage to Spending","XENT","","","($200.00)"
"5/15/2023","5/15/2023","5/15/2023","","Backup Coverage Transfer - Transfer from Brokerage to Spending","XENT","","","($16.65)"
"5/12/2023","5/12/2023","5/15/2023","MU","MU 10/20/2023 Put $62.50","STO","1","$6.85","$684.98"
"5/12/2023","5/12/2023","5/15/2023","MU","MU 7/21/2023 Put $65.00","BTC","1","$6.45","($645.00)"
"5/12/2023","5/12/2023","5/15/2023","QCOM","QCOM 5/12/2023 Put $106.00","BTC","1","$2.72","($272.00)"
"5/12/2023","5/12/2023","5/15/2023","QCOM","QCOM 5/19/2023 Put $106.00","STO","1","$3.17","$316.98"
"5/11/2023","5/11/2023","5/12/2023","AMZN","AMZN 5/19/2023 Call $107.00","STO","1","$6.61","$660.98"
"5/11/2023","5/11/2023","5/12/2023","AMZN","AMZN 5/19/2023 Call $107.00","STO","1","$6.60","$659.98"
"5/11/2023","5/11/2023","5/12/2023","AMZN","AMZN 5/12/2023 Call $107.00","BTC","1","$6.21","($621.00)"
"5/11/2023","5/11/2023","5/12/2023","AMZN","AMZN 5/12/2023 Call $107.00","BTC","1","$6.20","($620.00)"
"5/11/2023","5/11/2023","5/11/2023","","Transfer from Brokerage to Spending","XENT","","","($200.00)"
"5/9/2023","5/9/2023","5/11/2023","BA","Boeing
CUSIP: 097023105","Buy","0.058425","$201.11","($11.75)"
"5/8/2023","5/8/2023","5/9/2023","LDOS","LDOS 5/19/2023 Put $85.00","OASGN","1","",""
"5/8/2023","5/8/2023","5/10/2023","LDOS","Leidos
CUSIP: 525327102
1 LDOS Option Assigned","Buy","100","$85.00","($8,500.00)"
"5/8/2023","5/8/2023","5/8/2023","","Roundup Match - Transfer from Spending RH Firm to Brokerage","XENT_RWM","","","$2.35"
"5/8/2023","5/8/2023","5/8/2023","","Roundup - Transfer from Spending to Brokerage","XENT_RWR","","","$9.40"
"5/5/2023","5/5/2023","5/8/2023","AAPL","Option Expiration for AAPL 5/5/2023 Put $167.50","OEXP","1","",""
"5/5/2023","5/5/2023","5/8/2023","VZ","Option Expiration for VZ 5/5/2023 Put $37.00","OEXP","1","",""
"5/5/2023","5/5/2023","5/8/2023","AMZN","AMZN 5/5/2023 Call $107.00","BTC","2","$0.01","($2.00)"
"5/5/2023","5/5/2023","5/8/2023","AMZN","AMZN 5/12/2023 Call $107.00","STO","2","$1.01","$201.98"
"5/5/2023","5/5/2023","5/8/2023","QCOM","QCOM 5/12/2023 Put $106.00","STO","1","$1.21","$120.98"
"5/5/2023","5/5/2023","5/8/2023","GOOGL","GOOGL 5/5/2023 Put $103.00","BTC","1","$0.04","($4.00)"
"5/4/2023","5/4/2023","5/5/2023","VZ","VZ 5/5/2023 Put $37.00","STO","1","$0.09","$8.98"
"5/4/2023","5/4/2023","5/5/2023","AMD","AMD 10/20/2023 Put $95.00","BTC","1","$13.97","($1,397.00)"
"5/4/2023","5/4/2023","5/5/2023","AMD","AMD 5/19/2023 Put $102.00","STO","1","$14.75","$1,474.97"
"5/4/2023","5/4/2023","5/5/2023","AMZN","AMZN 5/5/2023 Call $107.00","STO","1","$0.12","$11.98"
"5/4/2023","5/4/2023","5/5/2023","AMZN","AMZN 5/5/2023 Call $107.00","STO","1","$0.12","$11.98"
"5/3/2023","5/3/2023","5/4/2023","AMD","AMD 5/26/2023 Put $98.00","BTC","1","$15.90","($1,590.00)"
"5/3/2023","5/3/2023","5/4/2023","AMD","AMD 10/20/2023 Put $95.00","STO","1","$16.47","$1,646.97"
"5/3/2023","5/3/2023","5/4/2023","AAPL","AAPL 5/5/2023 Put $167.50","STO","1","$2.17","$216.98"
"5/3/2023","5/3/2023","5/4/2023","AAPL","AAPL 5/12/2023 Put $165.00","BTC","1","$2.06","($206.00)"
"5/3/2023","5/3/2023","5/4/2023","AMD","AMD 5/26/2023 Put $98.00","STO","1","$14.87","$1,486.97"
"5/3/2023","5/3/2023","5/4/2023","AMD","AMD 5/19/2023 Put $98.00","BTC","1","$14.82","($1,482.00)"
"5/2/2023","5/2/2023","5/3/2023","LDOS","LDOS 5/19/2023 Put $85.00","STO","1","$5.00","$499.98"
"5/2/2023","5/2/2023","5/3/2023","GOOGL","GOOGL 5/5/2023 Put $103.00","STO","1","$0.87","$86.98"
"5/2/2023","5/2/2023","5/4/2023","BA","Boeing
CUSIP: 097023105","Buy","0.000098","$203.00","($0.02)"
"5/2/2023","5/2/2023","5/4/2023","BA","Boeing
CUSIP: 097023105","Buy","0.089177","$203.00","($18.10)"
"5/1/2023","5/1/2023","5/1/2023","VZ","Cash Div: R/D 2023-04-10 P/D 2023-05-01 - 100 shares at 0.6525","CDIV","","","$65.25"
"5/1/2023","5/1/2023","5/1/2023","","Roundup Match - Transfer from Spending RH Firm to Brokerage","XENT_RWM","","","$7.46"
"5/1/2023","5/1/2023","5/1/2023","","Roundup - Transfer from Spending to Brokerage","XENT_RWR","","","$10.66"
"4/28/2023","4/28/2023","5/1/2023","RIVN","Option Expiration for RIVN 4/28/2023 Put $12.00","OEXP","1","",""
"4/28/2023","4/28/2023","5/1/2023","NVDA","Option Expiration for NVDA 4/28/2023 Put $267.50","OEXP","1","",""
"4/28/2023","4/28/2023","5/1/2023","AMZN","AMZN 4/28/2023 Put $107.00","OASGN","2","",""
"4/28/2023","4/28/2023","5/2/2023","AMZN","Amazon
CUSIP: 023135106
2 AMZN Options Assigned","Buy","200","$107.00","($21,400.00)"
"4/28/2023","4/28/2023","5/1/2023","AMD","AMD 5/19/2023 Put $98.00","STO","1","$9.57","$956.98"
"4/28/2023","4/28/2023","5/1/2023","AMD","AMD 5/12/2023 Put $98.00","BTC","1","$9.37","($937.00)"
"4/26/2023","4/26/2023","4/27/2023","AAPL","AAPL 5/12/2023 Put $165.00","STO","1","$5.01","$500.98"
"4/26/2023","4/26/2023","4/27/2023","AAPL","AAPL 4/28/2023 Put $167.50","BTC","1","$4.11","($411.00)"
"4/25/2023","4/25/2023","4/27/2023","BA","Boeing
CUSIP: 097023105","Buy","0.000195","$204.23","($0.04)"
"4/25/2023","4/25/2023","4/27/2023","BA","Boeing
CUSIP: 097023105","Buy","0.043713","$204.23","($8.93)"
"4/24/2023","4/24/2023","4/24/2023","","Roundup Match - Transfer from Spending RH Firm to Brokerage","XENT_RWM","","","$2.56"
"4/24/2023","4/24/2023","4/24/2023","","Roundup - Transfer from Spending to Brokerage","XENT_RWR","","","$6.41"
"4/21/2023","4/21/2023","4/24/2023","RIVN","RIVN 4/21/2023 Put $12.50","BTC","1","$0.36","($36.00)"
"4/21/2023","4/21/2023","4/24/2023","RIVN","RIVN 4/28/2023 Put $12.00","STO","1","$0.38","$37.98"
"4/21/2023","4/21/2023","4/24/2023","NVDA","NVDA 4/28/2023 Put $267.50","STO","1","$4.50","$449.98"
"4/21/2023","4/21/2023","4/24/2023","NVDA","NVDA 4/21/2023 Put $270.00","BTC","1","$1.45","($145.00)"
"4/21/2023","4/21/2023","4/24/2023","AAPL","AAPL 4/28/2023 Put $167.50","STO","1","$3.40","$339.98"
"4/21/2023","4/21/2023","4/24/2023","AAPL","AAPL 4/21/2023 Put $167.50","BTC","1","$2.70","($270.00)"
"4/20/2023","4/20/2023","4/20/2023","","Gold Fee","GOLD","","","($5.00)"
"4/19/2023","4/19/2023","4/20/2023","RIVN","RIVN 4/21/2023 Put $12.50","STO","1","$0.22","$21.98"
"4/18/2023","4/18/2023","4/20/2023","BA","Boeing
CUSIP: 097023105","Buy","0.041291","$205.61","($8.49)"
"4/17/2023","4/17/2023","4/17/2023","","Roundup Match - Transfer from Spending RH Firm to Brokerage","XENT_RWM","","","$1.70"
"4/17/2023","4/17/2023","4/17/2023","","Roundup - Transfer from Spending to Brokerage","XENT_RWR","","","$6.79"
"4/17/2023","4/17/2023","4/18/2023","AMD","AMD 5/12/2023 Put $98.00","STO","1","$10.10","$1,009.98"
"4/17/2023","4/17/2023","4/18/2023","AMD","AMD 4/21/2023 Put $99.00","BTC","1","$9.80","($980.00)"
"4/14/2023","4/14/2023","4/14/2023","","Transfer from Brokerage to Spending","XENT","","","($200.00)"
"4/14/2023","4/14/2023","4/14/2023","","Transfer from Brokerage to Spending","XENT","","","($100.00)"
"4/13/2023","4/13/2023","4/14/2023","NVDA","NVDA 4/21/2023 Put $270.00","STO","1","$8.26","$825.98"
"4/13/2023","4/13/2023","4/14/2023","NVDA","NVDA 4/14/2023 Put $272.50","BTC","1","$7.26","($726.00)"
"4/12/2023","4/12/2023","4/13/2023","AAPL","AAPL 4/14/2023 Put $167.50","BTC","1","$6.73","($673.00)"
"4/12/2023","4/12/2023","4/13/2023","AAPL","AAPL 4/21/2023 Put $167.50","STO","1","$6.84","$683.98"
"4/11/2023","4/11/2023","4/13/2023","BA","Boeing
CUSIP: 097023105","Buy","0.053026","$213.29","($11.31)"
"4/10/2023","4/10/2023","4/10/2023","","Roundup Match - Transfer from Spending RH Firm to Brokerage","XENT_RWM","","","$2.26"
"4/10/2023","4/10/2023","4/10/2023","","Roundup - Transfer from Spending to Brokerage","XENT_RWR","","","$9.05"
"4/5/2023","4/5/2023","4/6/2023","NVDA","NVDA 4/6/2023 Put $275.00","BTC","1","$10.51","($1,051.00)"
"4/5/2023","4/5/2023","4/6/2023","NVDA","NVDA 4/14/2023 Put $272.50","STO","1","$11.31","$1,130.98"
"4/5/2023","4/5/2023","4/6/2023","AAPL","AAPL 4/6/2023 Put $167.50","BTC","1","$4.09","($409.00)"
"4/5/2023","4/5/2023","4/6/2023","AAPL","AAPL 4/14/2023 Put $167.50","STO","1","$4.69","$468.98"
"4/5/2023","4/5/2023","4/6/2023","AAPL","AAPL 4/6/2023 Put $167.50","STO","1","$4.15","$414.98"
"4/5/2023","4/5/2023","4/5/2023","","ACH Deposit","ACH","","","$6,000.00"
"4/5/2023","4/5/2023","4/6/2023","AMD","AMD 4/6/2023 Put $100.00","BTC","1","$6.40","($640.00)"
"4/5/2023","4/5/2023","4/6/2023","AMD","AMD 4/21/2023 Put $99.00","STO","1","$6.60","$659.98"
"4/5/2023","4/5/2023","4/6/2023","MU","MU 4/14/2023 Put $66.00","BTC","1","$9.67","($967.00)"
"4/5/2023","4/5/2023","4/6/2023","MU","MU 7/21/2023 Put $65.00","STO","1","$9.87","$986.98"
"4/4/2023","4/4/2023","4/6/2023","BA","Boeing
CUSIP: 097023105","Buy","0.000141","$212.00","($0.03)"
"4/4/2023","4/4/2023","4/6/2023","BA","Boeing
CUSIP: 097023105","Buy","0.080617","$212.00","($17.09)"
"4/3/2023","4/3/2023","4/3/2023","","Roundup Match - Transfer from Spending RH Firm to Brokerage","XENT_RWM","","","$8.11"
"4/3/2023","4/3/2023","4/4/2023","NVDA","NVDA 4/6/2023 Put $275.00","STO","1","$4.00","$399.98"
"4/3/2023","4/3/2023","4/4/2023","MU","MU 4/14/2023 Put $66.00","STO","1","$7.29","$728.98"
"4/3/2023","4/3/2023","4/4/2023","MU","MU 4/6/2023 Put $66.00","BTC","1","$7.26","($726.00)"
"4/3/2023","4/3/2023","4/3/2023","","Roundup - Transfer from Spending to Brokerage","XENT_RWR","","","$9.01"
"4/3/2023","4/3/2023","4/4/2023","VZ","VZ 10/20/2023 Call $42.00","STO","1","$1.01","$100.98"
"4/3/2023","4/3/2023","4/4/2023","VZ","VZ 4/28/2023 Call $39.00","BTC","1","$0.89","($89.00)"
"3/31/2023","3/31/2023","4/3/2023","META","META 3/31/2023 Put $205.00","BTC","1","$0.02","($2.00)"
"3/31/2023","3/31/2023","4/3/2023","AAPL","AAPL 3/31/2023 Put $157.50","BTC","1","$0.01","($1.00)"
"3/31/2023","3/31/2023","4/3/2023","AMD","AMD 4/6/2023 Put $100.00","STO","1","$3.78","$377.98"
"3/31/2023","3/31/2023","4/3/2023","AMD","AMD 3/31/2023 Put $100.00","BTC","1","$3.02","($302.00)"
"3/28/2023","3/28/2023","3/29/2023","META","META 3/31/2023 Put $205.00","STO","1","$7.15","$714.98"
"3/28/2023","3/28/2023","3/29/2023","AAPL","AAPL 3/31/2023 Put $157.50","STO","1","$1.60","$159.98"
"3/28/2023","3/28/2023","3/30/2023","BA","Boeing
CUSIP: 097023105","Buy","0.109052","$200.82","($21.90)"
"3/27/2023","3/27/2023","3/28/2023","VZ","VZ 4/28/2023 Call $39.00","STO","1","$0.50","$49.98"
"3/27/2023","3/27/2023","3/28/2023","VZ","VZ 3/31/2023 Call $38.00","BTC","1","$0.46","($46.00)"
"3/27/2023","3/27/2023","3/27/2023","","Roundup Match - Transfer from Spending RH Firm to Brokerage","XENT_RWM","","","$10.00"
"3/27/2023","3/27/2023","3/27/2023","","Roundup - Transfer from Spending to Brokerage","XENT_RWR","","","$11.90"
"3/27/2023","3/27/2023","3/28/2023","AMD","AMD 3/31/2023 Put $100.00","STO","1","$4.00","$399.98"
"3/24/2023","3/24/2023","3/27/2023","AAPL","Option Expiration for AAPL 3/24/2023 Put $157.50","OEXP","1","",""
"3/24/2023","3/24/2023","3/27/2023","NVDA","Option Expiration for NVDA 3/24/2023 Put $265.00","OEXP","1","",""
"3/24/2023","3/24/2023","3/24/2023","","Transfer from Brokerage to Spending","XENT","","","($500.00)"
"3/23/2023","3/23/2023","3/24/2023","VZ","VZ 3/31/2023 Call $38.00","STO","1","$0.25","$24.98"
"3/23/2023","3/23/2023","3/24/2023","MU","MU 10/20/2023 Put $57.50","BTC","1","$5.53","($553.00)"
"3/23/2023","3/23/2023","3/24/2023","MU","MU 4/6/2023 Put $66.00","STO","1","$5.83","$582.98"
"3/23/2023","3/23/2023","3/24/2023","AMZN","AMZN 4/28/2023 Put $107.00","STO","1","$9.14","$913.98"
"3/23/2023","3/23/2023","3/24/2023","AMZN","AMZN 4/28/2023 Put $107.00","STO","1","$9.15","$914.98"
"3/23/2023","3/23/2023","3/24/2023","AMZN","AMZN 4/14/2023 Put $108.00","BTC","1","$8.46","($846.00)"
"3/23/2023","3/23/2023","3/24/2023","AMZN","AMZN 4/14/2023 Put $108.00","BTC","1","$8.46","($846.00)"
"3/23/2023","3/23/2023","3/23/2023","","Transfer from Brokerage to Spending","XENT","","","($500.00)"
"3/22/2023","3/22/2023","3/23/2023","AAPL","AAPL 3/24/2023 Put $157.50","STO","1","$0.85","$84.98"
"3/22/2023","3/22/2023","3/23/2023","NVDA","NVDA 3/24/2023 Put $265.00","STO","1","$1.57","$156.98"
"3/21/2023","3/21/2023","3/23/2023","BA","Boeing
CUSIP: 097023105","Buy","0.092756","$207.64","($19.26)"
"3/21/2023","3/21/2023","3/21/2023","","Gold Fee","GOLD","","","($5.00)"
"3/20/2023","3/20/2023","3/21/2023","AMZN","AMZN 8/18/2023 Put $100.00","BTC","1","$10.63","($1,063.00)"
"3/20/2023","3/20/2023","3/21/2023","AMZN","AMZN 4/14/2023 Put $108.00","STO","1","$11.25","$1,124.98"
"3/20/2023","3/20/2023","3/21/2023","AMZN","AMZN 4/14/2023 Put $108.00","STO","1","$11.23","$1,122.98"
"3/20/2023","3/20/2023","3/21/2023","AMZN","AMZN 8/18/2023 Put $100.00","BTC","1","$10.65","($1,065.00)"
"3/20/2023","3/20/2023","3/20/2023","","Roundup Match - Transfer from Spending RH Firm to Brokerage","XENT_RWM","","","$9.63"
"3/20/2023","3/20/2023","3/20/2023","","Roundup - Transfer from Spending to Brokerage","XENT_RWR","","","$9.63"
"3/17/2023","3/17/2023","3/20/2023","VZ","Option Expiration for VZ 3/17/2023 Put $36.50","OEXP","1","",""
"3/17/2023","3/17/2023","3/20/2023","VZ","Option Expiration for VZ 3/17/2023 Call $39.50","OEXP","1","",""
"3/17/2023","3/17/2023","3/17/2023","","Transfer from Brokerage to Spending","XENT","","","($500.00)"
"3/17/2023","3/17/2023","3/20/2023","MU","MU 10/20/2023 Put $57.50","STO","1","$7.14","$713.98"
"3/17/2023","3/17/2023","3/20/2023","MU","MU 1/19/2024 Put $55.00","BTC","1","$7.09","($709.00)"
"3/17/2023","3/17/2023","3/20/2023","AAPL","AAPL 3/17/2023 Put $150.00","BTC","1","$0.03","($3.00)"
"3/16/2023","3/16/2023","3/16/2023","","Transfer from Brokerage to Spending","XENT","","","($100.00)"
"3/16/2023","3/16/2023","3/17/2023","NVDA","NVDA 3/17/2023 Put $230.00","BTC","1","$0.08","($8.00)"
"3/16/2023","3/16/2023","3/17/2023","AMD","AMD 3/17/2023 Put $82.00","BTC","1","$0.04","($4.00)"
"3/16/2023","3/16/2023","3/16/2023","","Transfer from Brokerage to Spending","XENT","","","($100.00)"
"3/14/2023","3/14/2023","3/16/2023","BA","Boeing
CUSIP: 097023105","Buy","0.10436","$207.55","($21.66)"
"3/13/2023","3/13/2023","3/13/2023","","Roundup Match - Transfer from Spending RH Firm to Brokerage","XENT_RWM","","","$10.00"
"3/13/2023","3/13/2023","3/13/2023","","Roundup - Transfer from Spending to Brokerage","XENT_RWR","","","$11.66"
"3/13/2023","3/13/2023","3/14/2023","VZ","VZ 3/17/2023 Put $36.50","STO","1","$0.29","$28.98"
"3/10/2023","3/10/2023","3/13/2023","MU","MU 7/21/2023 Put $57.50","BTC","1","$6.68","($668.00)"
"3/10/2023","3/10/2023","3/13/2023","MU","MU 1/19/2024 Put $55.00","STO","1","$7.66","$765.98"
"3/10/2023","3/10/2023","3/13/2023","AMD","AMD 3/10/2023 Put $82.00","BTC","1","$0.92","($92.00)"
"3/10/2023","3/10/2023","3/13/2023","AMD","AMD 3/17/2023 Put $82.00","STO","1","$2.60","$259.98"
"3/10/2023","3/10/2023","3/13/2023","NVDA","NVDA 3/10/2023 Put $235.00","BTC","1","$6.70","($670.00)"
"3/10/2023","3/10/2023","3/13/2023","NVDA","NVDA 3/17/2023 Put $230.00","STO","1","$7.65","$764.98"
"3/8/2023","3/8/2023","3/8/2023","","Transfer from Brokerage to Spending","XENT","","","($500.00)"
"3/8/2023","3/8/2023","3/9/2023","MU","MU 7/21/2023 Put $57.50","STO","1","$5.69","$568.98"
"3/8/2023","3/8/2023","3/9/2023","MU","MU 3/24/2023 Put $61.00","BTC","1","$5.06","($506.00)"
"3/7/2023","3/7/2023","3/9/2023","BA","Boeing
CUSIP: 097023105","Buy","0.051165","$211.31","($10.81)"
"3/7/2023","3/7/2023","3/9/2023","BA","Boeing
CUSIP: 097023105","Buy","0.000094","$211.31","($0.02)"
"3/6/2023","3/6/2023","3/6/2023","","Roundup Match - Transfer from Spending RH Firm to Brokerage","XENT_RWM","","","$2.17"
"3/6/2023","3/6/2023","3/6/2023","","Roundup - Transfer from Spending to Brokerage","XENT_RWR","","","$8.66"
"3/6/2023","3/6/2023","3/7/2023","VZ","VZ 3/17/2023 Call $39.50","STO","1","$0.19","$18.98"
"3/6/2023","3/6/2023","3/7/2023","VZ","VZ 3/10/2023 Call $39.00","BTC","1","$0.18","($18.00)"
"3/3/2023","3/3/2023","3/6/2023","VZ","VZ 3/10/2023 Call $39.00","STO","1","$0.11","$10.98"
"3/3/2023","3/3/2023","3/6/2023","VZ","VZ 3/3/2023 Call $39.50","BTC","1","$0.01","($1.00)"
"3/2/2023","3/2/2023","3/2/2023","","Transfer from Brokerage to Spending","XENT","","","($1,000.00)"
"3/1/2023","3/1/2023","3/2/2023","NVDA","NVDA 3/3/2023 Put $235.00","BTC","1","$8.79","($879.00)"
"3/1/2023","3/1/2023","3/2/2023","NVDA","NVDA 3/10/2023 Put $235.00","STO","1","$11.72","$1,171.98"
"3/1/2023","3/1/2023","3/2/2023","AMD","AMD 3/10/2023 Put $82.00","STO","1","$3.78","$377.98"
"3/1/2023","3/1/2023","3/2/2023","AMD","AMD 3/3/2023 Put $82.00","BTC","1","$2.90","($290.00)"
"2/28/2023","2/28/2023","3/1/2023","AMZN","AMZN 3/31/2023 Put $104.00","BTC","2","$11.10","($2,220.00)"
"2/28/2023","2/28/2023","3/1/2023","AMZN","AMZN 8/18/2023 Put $100.00","STO","2","$12.20","$2,439.97"
"2/28/2023","2/28/2023","3/1/2023","VZ","VZ 3/3/2023 Call $39.50","STO","1","$0.06","$5.98"
"2/28/2023","2/28/2023","3/2/2023","BA","Boeing
CUSIP: 097023105","Buy","0.059203","$201.00","($11.90)"
"2/27/2023","2/27/2023","2/27/2023","","Roundup Match - Transfer from Spending RH Firm to Brokerage","XENT_RWM","","","$2.38"
"2/27/2023","2/27/2023","2/27/2023","","Roundup - Transfer from Spending to Brokerage","XENT_RWR","","","$9.52"
"2/24/2023","2/24/2023","2/27/2023","CTRA","Option Expiration for CTRA 2/24/2023 Put $23.00","OEXP","1","",""
"2/24/2023","2/24/2023","2/24/2023","","ACH Deposit","ACH","","","$1,000.00"
"2/24/2023","2/24/2023","2/24/2023","","Transfer from Brokerage to Spending","XENT","","","($500.00)"
"2/24/2023","2/24/2023","2/27/2023","NVDA","NVDA 3/3/2023 Put $235.00","STO","1","$8.50","$849.97"
"2/24/2023","2/24/2023","2/27/2023","NVDA","NVDA 2/24/2023 Put $235.00","BTC","1","$4.50","($450.00)"
"2/23/2023","2/23/2023","2/24/2023","NVDA","NVDA 2/24/2023 Put $235.00","STO","1","$6.45","$644.97"
"2/23/2023","2/23/2023","2/24/2023","NVDA","NVDA 3/10/2023 Put $220.00","BTC","1","$5.45","($545.00)"
"2/22/2023","2/22/2023","2/23/2023","AAPL","AAPL 2/24/2023 Put $152.50","BTC","1","$5.32","($532.00)"
"2/22/2023","2/22/2023","2/23/2023","AAPL","AAPL 3/17/2023 Put $150.00","STO","1","$5.55","$554.97"
"2/22/2023","2/22/2023","2/23/2023","NVDA","NVDA 2/24/2023 Put $222.50","BTC","1","$18.22","($1,822.00)"
"2/22/2023","2/22/2023","2/23/2023","NVDA","NVDA 3/10/2023 Put $220.00","STO","1","$19.05","$1,904.94"
"2/21/2023","2/21/2023","2/22/2023","MU","MU 2/24/2023 Put $62.00","BTC","1","$4.11","($411.00)"
"2/21/2023","2/21/2023","2/22/2023","MU","MU 3/24/2023 Put $61.00","STO","1","$4.41","$440.97"
"2/21/2023","2/21/2023","2/22/2023","CTRA","CTRA 2/24/2023 Put $23.00","STO","1","$0.50","$49.98"
"2/21/2023","2/21/2023","2/22/2023","AMZN","AMZN 2/24/2023 Put $105.00","BTC","2","$10.19","($2,038.00)"
"2/21/2023","2/21/2023","2/22/2023","AMZN","AMZN 3/31/2023 Put $104.00","STO","2","$10.44","$2,087.94"
"2/21/2023","2/21/2023","2/23/2023","BA","Boeing
CUSIP: 097023105","Buy","0.021234","$209.09","($4.44)"
"2/21/2023","2/21/2023","2/21/2023","","Roundup Match - Transfer from Spending RH Firm to Brokerage","XENT_RWM","","","$0.40"
"2/21/2023","2/21/2023","2/21/2023","","Roundup - Transfer from Spending to Brokerage","XENT_RWR","","","$4.04"
"2/21/2023","2/21/2023","2/21/2023","","Gold Fee","GOLD","","","($5.00)"
"2/21/2023","2/21/2023","2/21/2023","","Transfer from Brokerage to Spending","XENT","","","($1,000.00)"
"2/17/2023","2/17/2023","2/21/2023","BTBT","Option Expiration for BTBT 2/17/2023 Put $1.00","OEXP","11","",""
"2/17/2023","2/17/2023","2/21/2023","VZ","Option Expiration for VZ 2/17/2023 Call $41.00","OEXP","1","",""
"2/17/2023","2/17/2023","2/21/2023","AAPL","AAPL 2/24/2023 Put $152.50","STO","1","$2.78","$277.98"
"2/17/2023","2/17/2023","2/21/2023","AAPL","AAPL 2/17/2023 Put $152.50","BTC","1","$1.31","($131.00)"
"2/17/2023","2/17/2023","2/21/2023","AMD","AMD 3/3/2023 Put $82.00","STO","1","$4.65","$464.97"
"2/17/2023","2/17/2023","2/21/2023","AMD","AMD 2/17/2023 Put $83.00","BTC","1","$4.29","($429.00)"
"2/17/2023","2/17/2023","2/21/2023","NVDA","NVDA 2/24/2023 Put $222.50","STO","1","$12.66","$1,265.96"
"2/17/2023","2/17/2023","2/21/2023","NVDA","NVDA 2/17/2023 Put $227.50","BTC","1","$11.17","($1,117.00)"
"2/16/2023","2/16/2023","2/16/2023","","Transfer from Brokerage to Spending","XENT","","","($500.00)"
"2/16/2023","2/16/2023","2/17/2023","MU","MU 2/17/2023 Put $62.50","BTC","1","$1.48","($148.00)"
"2/16/2023","2/16/2023","2/17/2023","MU","MU 2/24/2023 Put $62.00","STO","1","$1.68","$167.98"
"2/16/2023","2/16/2023","2/17/2023","AMD","AMD 2/17/2023 Put $82.00","BTC","1","$1.37","($137.00)"
"2/16/2023","2/16/2023","2/17/2023","AMD","AMD 2/17/2023 Put $83.00","STO","1","$1.97","$196.98"
"2/16/2023","2/16/2023","2/17/2023","AAPL","AAPL 2/17/2023 Put $150.00","BTC","1","$0.31","($31.00)"
"2/16/2023","2/16/2023","2/17/2023","AAPL","AAPL 2/17/2023 Put $152.50","STO","1","$0.83","$82.98"
"2/14/2023","2/14/2023","2/16/2023","BA","Boeing
CUSIP: 097023105","Buy","0.038416","$213.84","($8.21)"
"2/14/2023","2/14/2023","2/16/2023","BA","Boeing
CUSIP: 097023105","Buy","0.000187","$213.84","($0.04)"
"2/13/2023","2/13/2023","2/13/2023","","Roundup Match - Transfer from Spending RH Firm to Brokerage","XENT_RWM","","","$2.36"
"2/13/2023","2/13/2023","2/13/2023","","Roundup - Transfer from Spending to Brokerage","XENT_RWR","","","$5.89"
"2/13/2023","2/13/2023","2/14/2023","NVDA","NVDA 2/24/2023 Put $220.00","BTC","1","$13.38","($1,338.00)"
"2/13/2023","2/13/2023","2/14/2023","NVDA","NVDA 2/17/2023 Put $227.50","STO","1","$14.40","$1,439.95"
"2/13/2023","2/13/2023","2/13/2023","","ACH Deposit","ACH","","","$1,500.00"
"2/13/2023","2/13/2023","2/13/2023","","Transfer from Brokerage to Spending","XENT","","","($500.00)"
"2/10/2023","2/10/2023","2/13/2023","AAPL","AAPL 2/10/2023 Put $152.50","BTC","1","$2.33","($233.00)"
"2/10/2023","2/10/2023","2/13/2023","AAPL","AAPL 2/17/2023 Put $150.00","STO","1","$2.70","$269.98"
"2/10/2023","2/10/2023","2/13/2023","NVDA","NVDA 2/24/2023 Put $220.00","STO","1","$14.95","$1,494.95"
"2/10/2023","2/10/2023","2/13/2023","NVDA","NVDA 2/17/2023 Put $225.00","BTC","1","$14.69","($1,469.00)"
"2/10/2023","2/10/2023","2/13/2023","AMD","AMD 2/10/2023 Put $83.00","BTC","1","$1.56","($156.00)"
"2/10/2023","2/10/2023","2/13/2023","AMD","AMD 2/17/2023 Put $82.00","STO","1","$2.63","$262.98"
"2/10/2023","2/10/2023","2/13/2023","NVDA","NVDA 2/17/2023 Put $225.00","STO","1","$12.90","$1,289.96"
"2/10/2023","2/10/2023","2/13/2023","NVDA","NVDA 2/10/2023 Put $227.50","BTC","1","$11.82","($1,182.00)"
"2/9/2023","2/9/2023","2/10/2023","MU","MU 2/17/2023 Put $62.50","STO","1","$3.19","$318.98"
"2/9/2023","2/9/2023","2/10/2023","MU","MU 2/10/2023 Put $63.00","BTC","1","$3.16","($316.00)"
"2/9/2023","2/9/2023","2/10/2023","AMZN","AMZN 2/24/2023 Put $105.00","STO","2","$7.55","$1,509.95"
"2/9/2023","2/9/2023","2/10/2023","AMZN","AMZN 2/10/2023 Put $106.00","BTC","2","$7.55","($1,510.00)"
"2/9/2023","2/9/2023","2/10/2023","VZ","VZ 2/17/2023 Call $41.00","STO","1","$0.24","$23.98"
"2/9/2023","2/9/2023","2/9/2023","","Transfer from Brokerage to Spending","XENT","","","($500.00)"
"2/8/2023","2/8/2023","2/9/2023","VZ","VZ 2/10/2023 Put $42.00","OASGN","1","",""
"2/8/2023","2/8/2023","2/10/2023","VZ","Verizon
CUSIP: 92343V104
1 VZ Option Assigned","Buy","100","$42.00","($4,200.00)"
"2/8/2023","2/8/2023","2/9/2023","NVDA","NVDA 2/10/2023 Put $217.50","BTC","1","$1.44","($144.00)"
"2/8/2023","2/8/2023","2/9/2023","NVDA","NVDA 2/10/2023 Put $227.50","STO","1","$5.33","$532.97"
"2/7/2023","2/7/2023","2/8/2023","AMD","AMD 2/10/2023 Put $83.00","STO","1","$0.82","$81.98"
"2/7/2023","2/7/2023","2/8/2023","AAPL","AAPL 2/10/2023 Put $152.50","STO","1","$1.49","$148.98"
"2/7/2023","2/7/2023","2/9/2023","BA","Boeing
CUSIP: 097023105","Buy","0.070371","$208.04","($14.64)"
"2/6/2023","2/6/2023","2/6/2023","","Roundup Match - Transfer from Spending RH Firm to Brokerage","XENT_RWM","","","$4.18"
"2/6/2023","2/6/2023","2/6/2023","","Roundup - Transfer from Spending to Brokerage","XENT_RWR","","","$10.46"
"2/6/2023","2/6/2023","2/7/2023","NVDA","NVDA 2/10/2023 Put $217.50","STO","1","$9.12","$911.96"
"2/6/2023","2/6/2023","2/6/2023","","Transfer from Brokerage to Spending","XENT","","","($150.00)"
"2/3/2023","2/3/2023","2/6/2023","TPR","Option Expiration for TPR 2/3/2023 Put $45.00","OEXP","1","",""
"2/3/2023","2/3/2023","2/3/2023","","Transfer from Brokerage to Spending","XENT","","","($500.00)"
"2/3/2023","2/3/2023","2/6/2023","AAPL","AAPL 2/3/2023 Put $145.00","BTC","1","$0.01","($1.00)"
"2/3/2023","2/3/2023","2/6/2023","NVDA","NVDA 2/3/2023 Put $205.00","BTC","1","$0.02","($2.00)"
"2/3/2023","2/3/2023","2/6/2023","AAL","AAL 2/3/2023 Put $17.00","BTC","1","$0.03","($3.00)"
"2/3/2023","2/3/2023","2/6/2023","AAL","AAL 2/3/2023 Put $17.00","BTC","2","$0.03","($6.00)"
"2/3/2023","2/3/2023","2/6/2023","VZ","VZ 2/10/2023 Put $42.00","STO","1","$0.78","$77.98"
"2/3/2023","2/3/2023","2/6/2023","VZ","VZ 2/3/2023 Put $42.00","BTC","1","$0.60","($60.00)"
"2/3/2023","2/3/2023","2/6/2023","MU","MU 2/10/2023 Put $63.00","STO","1","$1.11","$110.98"
"2/3/2023","2/3/2023","2/6/2023","MU","MU 2/3/2023 Put $63.00","BTC","1","$0.21","($21.00)"
"2/3/2023","2/3/2023","2/6/2023","AMZN","AMZN 2/17/2023 Put $103.00","BTC","2","$1.60","($320.00)"
"2/3/2023","2/3/2023","2/6/2023","AMZN","AMZN 2/10/2023 Put $106.00","STO","2","$1.88","$375.98"
"2/3/2023","2/3/2023","2/3/2023","","ACH Deposit","ACH","","","$2,000.00"
"2/2/2023","2/2/2023","2/3/2023","AMZN","AMZN 2/17/2023 Put $103.00","STO","2","$2.31","$461.97"
"2/2/2023","2/2/2023","2/3/2023","AMZN","AMZN 2/24/2023 Put $102.00","BTC","2","$2.30","($460.00)"
"2/2/2023","2/2/2023","2/3/2023","BTBT","BTBT 5/19/2023 Call $1.00","STO","1","$0.86","$85.98"
"2/2/2023","2/2/2023","2/3/2023","BTBT","BTBT 2/17/2023 Call $1.00","BTC","1","$0.76","($76.00)"
"2/2/2023","2/2/2023","2/3/2023","NVDA","NVDA 2/3/2023 Put $205.00","STO","1","$0.45","$44.98"
"2/2/2023","2/2/2023","2/3/2023","NVDA","NVDA 2/3/2023 Put $197.50","BTC","1","$0.11","($11.00)"
"2/2/2023","2/2/2023","2/3/2023","AAL","AAL 2/3/2023 Put $17.00","STO","3","$0.15","$44.98"
"2/2/2023","2/2/2023","2/2/2023","","Transfer from Brokerage to Spending","XENT","","","($500.00)"
"2/1/2023","2/1/2023","2/2/2023","TPR","TPR 2/3/2023 Put $45.00","STO","1","$0.35","$34.98"
"2/1/2023","2/1/2023","2/1/2023","","Transfer from Brokerage to Spending","XENT","","","($150.00)"
"1/31/2023","1/31/2023","2/2/2023","BA","Boeing
CUSIP: 097023105","Buy","0.071445","$210.23","($15.02)"
"1/30/2023","1/30/2023","1/30/2023","","Roundup Match - Transfer from Spending RH Firm to Brokerage","XENT_RWM","","","$6.44"
"1/30/2023","1/30/2023","1/30/2023","","Roundup - Transfer from Spending to Brokerage","XENT_RWR","","","$8.58"
"1/30/2023","1/30/2023","1/31/2023","NVDA","NVDA 2/3/2023 Put $197.50","STO","1","$6.15","$614.97"
"1/30/2023","1/30/2023","1/30/2023","","Transfer from Brokerage to Spending","XENT","","","($1,000.00)"
"1/30/2023","1/30/2023","1/30/2023","","Transfer from Brokerage to Spending","XENT","","","($100.00)"
"1/27/2023","1/27/2023","1/30/2023","AGNC","AGNC 1/27/2023 Put $11.50","BTC","3","$0.01","($3.00)"
"1/27/2023","1/27/2023","1/30/2023","AAPL","AAPL 1/27/2023 Put $141.00","BTC","1","$0.01","($1.00)"
"1/27/2023","1/27/2023","1/30/2023","BAC","BAC 1/27/2023 Put $35.50","BTC","1","$0.03","($3.00)"
"1/27/2023","1/27/2023","1/30/2023","AMD","AMD 1/27/2023 Put $73.00","BTC","1","$0.02","($2.00)"
"1/27/2023","1/27/2023","1/30/2023","AGNC","AGNC 1/27/2023 Put $11.50","BTC","1","$0.01","($1.00)"
"1/27/2023","1/27/2023","1/30/2023","AGNC","AGNC 1/27/2023 Put $11.50","BTC","1","$0.01","($1.00)"
"1/27/2023","1/27/2023","1/30/2023","AAPL","AAPL 2/3/2023 Put $145.00","STO","1","$2.93","$292.98"
"1/27/2023","1/27/2023","1/30/2023","AAPL","AAPL 2/24/2023 Put $140.00","BTC","1","$2.60","($260.00)"
"1/26/2023","1/26/2023","1/26/2023","","ACH Deposit","ACH","","","$1,000.00"
"1/26/2023","1/26/2023","1/27/2023","MU","MU 2/3/2023 Put $63.00","STO","1","$2.30","$229.98"
"1/26/2023","1/26/2023","1/27/2023","MU","MU 1/27/2023 Put $59.00","BTC","1","$0.06","($6.00)"
"1/24/2023","1/24/2023","1/25/2023","AAPL","AAPL 1/27/2023 Put $136.00","BTC","1","$0.20","($20.00)"
"1/24/2023","1/24/2023","1/25/2023","AAPL","AAPL 1/27/2023 Put $141.00","STO","1","$1.14","$113.98"
"1/24/2023","1/24/2023","1/25/2023","AGNC","AGNC 1/27/2023 Put $11.50","STO","5","$0.10","$49.98"
"1/24/2023","1/24/2023","1/26/2023","BA","Boeing
CUSIP: 097023105","Buy","0.000095","$208.66","($0.02)"
"1/24/2023","1/24/2023","1/26/2023","BA","Boeing
CUSIP: 097023105","Buy","0.033532","$208.66","($7.00)"
"1/23/2023","1/23/2023","1/24/2023","MU","MU 1/27/2023 Put $59.00","STO","1","$0.50","$49.98"
"1/23/2023","1/23/2023","1/23/2023","","Roundup Match - Transfer from Spending RH Firm to Brokerage","XENT_RWM","","","$2.34"
"1/23/2023","1/23/2023","1/23/2023","","Roundup - Transfer from Spending to Brokerage","XENT_RWR","","","$4.68"
"1/20/2023","1/20/2023","1/23/2023","BTBT","BTBT 2/17/2023 Put $1.00","STO","10","$0.07","$69.97"
"1/20/2023","1/20/2023","1/23/2023","AAPL","AAPL 1/27/2023 Put $136.00","STO","1","$2.27","$226.98"
"1/20/2023","1/20/2023","1/23/2023","AAPL","AAPL 1/20/2023 Put $133.00","BTC","1","$0.05","($5.00)"
"1/20/2023","1/20/2023","1/23/2023","UBER","UBER 1/20/2023 Put $29.00","BTC","1","$0.04","($4.00)"
"1/20/2023","1/20/2023","1/23/2023","BTBT","BTBT 1/20/2023 Call $1.00","BTC","1","$0.22","($22.00)"
"1/20/2023","1/20/2023","1/23/2023","BTBT","BTBT 2/17/2023 Call $1.00","STO","1","$0.32","$31.98"
"1/20/2023","1/20/2023","1/23/2023","GOOGL","GOOGL 1/20/2023 Put $90.00","BTC","1","$0.02","($2.00)"
"1/20/2023","1/20/2023","1/20/2023","","Transfer from Brokerage to Spending","XENT","","","($1,000.00)"
"1/20/2023","1/20/2023","1/20/2023","","Gold Fee","GOLD","","","($5.00)"
"1/19/2023","1/19/2023","1/20/2023","AMZN","AMZN 3/3/2023 Put $101.00","BTC","2","$10.02","($2,004.00)"
"1/19/2023","1/19/2023","1/20/2023","AMZN","AMZN 2/24/2023 Put $102.00","STO","2","$10.22","$2,043.94"
"1/18/2023","1/18/2023","1/19/2023","BAC","BAC 1/20/2023 Put $35.50","BTC","1","$1.87","($187.00)"
"1/18/2023","1/18/2023","1/19/2023","BAC","BAC 1/27/2023 Put $35.50","STO","1","$1.88","$187.98"
"1/17/2023","1/17/2023","1/18/2023","AMD","AMD 2/3/2023 Put $70.00","BTC","1","$2.82","($282.00)"
"1/17/2023","1/17/2023","1/18/2023","AMD","AMD 1/27/2023 Put $73.00","STO","1","$2.92","$291.98"
"1/17/2023","1/17/2023","1/18/2023","GOOGL","GOOGL 1/20/2023 Put $90.00","STO","1","$0.89","$88.98"
"1/17/2023","1/17/2023","1/18/2023","AAPL","AAPL 4/21/2023 Put $135.00","BTC","1","$6.97","($697.00)"
"1/17/2023","1/17/2023","1/18/2023","AAPL","AAPL 2/24/2023 Put $140.00","STO","1","$7.15","$714.97"
"1/17/2023","1/17/2023","1/19/2023","BA","Boeing
CUSIP: 097023105","Buy","0.000141","$212.71","($0.03)"
"1/17/2023","1/17/2023","1/19/2023","BA","Boeing
CUSIP: 097023105","Buy","0.050686","$212.71","($10.78)"
"1/17/2023","1/17/2023","1/17/2023","","Roundup Match - Transfer from Spending RH Firm to Brokerage","XENT_RWM","","","$0.98"
"1/17/2023","1/17/2023","1/17/2023","","Roundup - Transfer from Spending to Brokerage","XENT_RWR","","","$9.83"
"1/13/2023","1/13/2023","1/17/2023","BAC","BAC 1/20/2023 Put $35.50","STO","1","$0.49","$48.98"
"1/13/2023","1/13/2023","1/17/2023","AAPL","AAPL 1/20/2023 Put $133.00","STO","1","$1.08","$107.98"
"1/13/2023","1/13/2023","1/17/2023","AMZN","AMZN 3/3/2023 Put $101.00","STO","2","$7.77","$1,553.95"
"1/13/2023","1/13/2023","1/17/2023","AMZN","AMZN 3/17/2023 Put $100.00","BTC","2","$7.70","($1,540.00)"
"1/13/2023","1/13/2023","1/17/2023","VZ","VZ 1/13/2023 Put $42.50","BTC","1","$1.01","($101.00)"
"1/13/2023","1/13/2023","1/17/2023","VZ","VZ 2/3/2023 Put $42.00","STO","1","$1.26","$125.98"
"1/13/2023","1/13/2023","1/13/2023","","ACH Deposit","ACH","","","$14,000.00"
"1/12/2023","1/12/2023","1/13/2023","UBER","UBER 1/27/2023 Put $28.00","BTC","1","$0.63","($63.00)"
"1/12/2023","1/12/2023","1/13/2023","UBER","UBER 1/20/2023 Put $29.00","STO","1","$0.78","$77.98"
"1/12/2023","1/12/2023","1/13/2023","TNA","TNA 1/13/2023 Put $31.50","BTC","1","$0.02","($2.00)"
"1/12/2023","1/12/2023","1/13/2023","AMZN","AMZN 6/16/2023 Put $94.00","BTC","2","$9.00","($1,800.00)"
"1/12/2023","1/12/2023","1/13/2023","AMZN","AMZN 3/17/2023 Put $100.00","STO","2","$9.36","$1,871.94"
"1/12/2023","1/12/2023","1/13/2023","AAPL","AAPL 1/13/2023 Put $127.00","BTC","1","$0.05","($5.00)"
"1/11/2023","1/11/2023","1/11/2023","","Transfer from Brokerage to Spending","XENT","","","($500.00)"
"1/11/2023","1/11/2023","1/12/2023","AMZN","AMZN 6/16/2023 Put $94.00","STO","2","$9.29","$1,857.94"
"1/11/2023","1/11/2023","1/12/2023","AMZN","AMZN 6/16/2023 Put $93.00","BTC","2","$8.87","($1,774.00)"
"1/11/2023","1/11/2023","1/12/2023","AMZN","AMZN 6/16/2023 Put $92.00","BTC","2","$8.97","($1,794.00)"
"1/11/2023","1/11/2023","1/12/2023","AMZN","AMZN 6/16/2023 Put $93.00","STO","2","$9.39","$1,877.94"
"1/10/2023","1/10/2023","1/11/2023","AMZN","AMZN 7/21/2023 Put $90.00","BTC","2","$10.02","($2,004.00)"
"1/10/2023","1/10/2023","1/11/2023","AMZN","AMZN 6/16/2023 Put $92.00","STO","2","$10.45","$2,089.94"
"1/10/2023","1/10/2023","1/12/2023","BA","Boeing
CUSIP: 097023105","Buy","0.049931","$204.48","($10.21)"
"1/9/2023","1/9/2023","1/9/2023","","ACH Deposit","ACH","","","$400.00"
"1/9/2023","1/9/2023","1/9/2023","","Transfer from Brokerage to Spending","XENT","","","($400.00)"
"1/9/2023","1/9/2023","1/9/2023","","Roundup Match - Transfer from Spending RH Firm to Brokerage","XENT_RWM","","","$0.93"
"1/9/2023","1/9/2023","1/9/2023","","Roundup - Transfer from Spending to Brokerage","XENT_RWR","","","$9.28"
"1/9/2023","1/9/2023","1/10/2023","TNA","TNA 1/13/2023 Put $31.50","STO","1","$0.33","$32.98"
"1/9/2023","1/9/2023","1/10/2023","BTBT","BTBT 1/20/2023 Put $0.50","BTC","1","$0.01","($1.00)"
"1/9/2023","1/9/2023","1/10/2023","BTBT","BTBT 2/17/2023 Put $1.00","STO","1","$0.21","$20.98"
"1/9/2023","1/9/2023","1/10/2023","AMZN","AMZN 7/21/2023 Put $90.00","STO","2","$10.32","$2,063.94"
"1/9/2023","1/9/2023","1/10/2023","AMZN","AMZN 1/19/2024 Put $84.00","BTC","2","$10.22","($2,044.00)"
"1/9/2023","1/9/2023","1/10/2023","AMD","AMD 6/16/2023 Put $60.00","BTC","1","$5.09","($509.00)"
"1/9/2023","1/9/2023","1/10/2023","AMD","AMD 2/3/2023 Put $70.00","STO","1","$5.14","$513.97"
"1/9/2023","1/9/2023","1/10/2023","AAPL","AAPL 6/16/2023 Put $130.00","BTC","1","$9.90","($990.00)"
"1/9/2023","1/9/2023","1/10/2023","AAPL","AAPL 4/21/2023 Put $135.00","STO","1","$10.15","$1,014.96"
"1/6/2023","1/6/2023","1/9/2023","AAL","AAL 1/6/2023 Call $13.00","OASGN","1","",""
"1/6/2023","1/6/2023","1/10/2023","AAL","American Airlines
CUSIP: 02376R102
1 AAL Option Assigned","Sell","100","$13.00","$1,299.96"
"1/6/2023","1/6/2023","1/6/2023","","ACH Deposit","ACH","","","$500.00"
"1/6/2023","1/6/2023","1/9/2023","AAPL","AAPL 6/16/2023 Put $130.00","STO","1","$10.74","$1,073.96"
"1/6/2023","1/6/2023","1/9/2023","AAPL","AAPL 9/15/2023 Put $125.00","BTC","1","$10.69","($1,069.00)"
"1/6/2023","1/6/2023","1/9/2023","UBER","UBER 1/27/2023 Put $28.00","STO","1","$2.15","$214.98"
"1/6/2023","1/6/2023","1/9/2023","UBER","UBER 3/17/2023 Put $25.00","BTC","1","$1.88","($188.00)"
"1/6/2023","1/6/2023","1/6/2023","","Transfer from Brokerage to Spending","XENT","","","($500.00)"
"1/6/2023","1/6/2023","1/6/2023","","Ethereum Gift","T/A","","","($50.00)"
"1/6/2023","1/6/2023","1/9/2023","VZ","VZ 1/13/2023 Put $42.50","STO","1","$1.01","$100.98"
"1/5/2023","1/5/2023","1/6/2023","AMD","AMD 6/16/2023 Put $60.00","STO","1","$6.90","$689.97"
"1/5/2023","1/5/2023","1/6/2023","AMD","AMD 2/17/2023 Put $65.00","BTC","1","$6.00","($600.00)"
"1/4/2023","1/4/2023","1/5/2023","AAPL","AAPL 1/13/2023 Put $127.00","STO","1","$2.94","$293.98"
"1/4/2023","1/4/2023","1/5/2023","AAPL","AAPL 1/13/2023 Put $126.00","BTC","1","$2.55","($255.00)"
"1/3/2023","1/3/2023","1/4/2023","AAL","AAL 1/6/2023 Call $13.00","STO","1","$0.10","$9.98"
"1/3/2023","1/3/2023","1/4/2023","AAPL","AAPL 1/6/2023 Put $127.00","BTC","1","$3.70","($370.00)"
"1/3/2023","1/3/2023","1/4/2023","AAPL","AAPL 1/13/2023 Put $126.00","STO","1","$4.40","$439.97"
"1/3/2023","1/3/2023","1/4/2023","AAPL","AAPL 5/19/2023 Put $130.00","BTC","1","$13.17","($1,317.00)"
"1/3/2023","1/3/2023","1/4/2023","AAPL","AAPL 9/15/2023 Put $125.00","STO","1","$13.35","$1,334.95"
"1/3/2023","1/3/2023","1/3/2023","","ACH Deposit","ACH","","","$2,000.00"
"1/3/2023","1/3/2023","1/5/2023","BA","Boeing
CUSIP: 097023105","Buy","0.037013","$192.95","($7.14)"
"1/3/2023","1/3/2023","1/3/2023","","Roundup Match - Transfer from Spending RH Firm to Brokerage","XENT_RWM","","","$3.57"
"1/3/2023","1/3/2023","1/3/2023","","Roundup - Transfer from Spending to Brokerage","XENT_RWR","","","$3.57"
""
"","","","","","","","","","The data provided is for informational purposes only. Please consult a professional tax service or personal tax advisor if you need instructions on how to calculate cost basis or questions regarding your specific tax situation. Reminder: This data does not include Robinhood Crypto or Robinhood Spending activity."
